,Title,Published_date,Views,Likes,Comments,Month
0,Praveen Mohan - Indian History Retold & Rethought | The Ranveer Show 259,2022-12-02,201693,14057,2695,Dec
1,"Siachen, Africa & Combat Stories - Maj. Samar Toor On The Indian Infantry | The Ranveer Show 258",2022-11-29,176018,7809,675,Nov
2,Tantra & The Occult - Powerful TRUTHS Explained By A Tantric - Rajarshi Nandy | The Ranveer Show 257,2022-11-25,718882,24471,2660,Nov
3,Priyanka Chopra Returns For Another Blockbuster Chat | The Ranveer Show 256,2022-11-22,826097,34145,1670,Nov
4,"Yoga For Better Skin, Hair & Life Explained By An Expert - Ami Ganatra | The Ranveer Show 255",2022-11-18,182263,6916,598,Nov
5,"Abhijit Chavda - Hidden History, Dinosaurs & Apocalyptic Events | The Ranveer Show 254",2022-11-15,279880,11698,868,Nov
6,"Indian Archaeologist Shares Secrets & CRAZY Stories Of Human History | Anica Mann, TheRanveerShow253",2022-11-11,994605,33878,3433,Nov
7,Mysteries Of The Universe - Broken Down By Science | Abhijit Chavda | The Ranveer Show 252,2022-11-08,367139,15711,1393,Nov
8,My Best Video Yet.,2022-11-04,341979,22720,1459,Nov
9,Maratha Empire's Beginnings - Shivaji Maharaj & Aurangzeb - Medha Bhaskaran | The Ranveer Show 251,2022-11-01,324408,14721,1976,Nov
10,Martial Arts For The Mind - Mentality for Success with Cawas Billimoria | The Ranveer Show 250,2022-10-31,82803,3347,218,Oct
11,FREE OF COST Weight Loss Guide | Kris Gethin | The Ranveer Show 249,2022-10-28,367976,11323,582,Oct
12,Rise Of India's Greatest Emperor - Chattrapati Shivaji Maharaj - Medha B. | The Ranveer Show 248,2022-10-25,480376,19705,2351,Oct
13,Amish Tripathi - Secrets Of Hinduism That Only Few Know | Diwali Special | The Ranveer Show 247,2022-10-21,298298,11273,637,Oct
14,Aurangzeb & Times Before Shivaji Maharaj | Indian History | Medha Bhaskaran | The Ranveer Show 246,2022-10-18,795344,32249,4307,Oct
15,"Abhijit Chavda - Israel, Taliban, Sri Lanka & The Global Superpowers | The Ranveer Show 245",2022-10-14,603687,24499,1630,Oct
16,Battlefield Stories - From Jungles To Mountains With Maj. Abhay Sapru | The Ranveer Show 244,2022-10-11,271528,11992,1020,Oct
17,India Under Modi - Abhijit Chavda Special | The Ranveer Show 243,2022-10-07,715325,37265,4426,Oct
18,"Ravana, The King of Asura's Secrets | Navaratri Spl ft. Anand Neelakantan | The Ranveer Show 242",2022-10-04,444530,21902,2180,Oct
19,The Mysterious Hindu Goddess - Navaratri Special ft. Dr. Vineet | The Ranveer Show 241,2022-09-30,683784,25877,1699,Sep
20,Kris Gethin - Bollywood's Best Fitness Coach Shares Workout & Diet Secrets | TheRanveerShow 240,2022-09-27,412043,13838,702,Sep
21,SCARIEST Demonic Experiences & Personal Satanic Stories ft. Ambika Devi | The Ranveer Show 239,2022-09-23,1257566,54870,3179,Sep
22,Archaeologist Reveals Ancient Indian Secrets - Vimanas & The Nagas | Dr. Ajay | The Ranveer Show 238,2022-09-20,305269,11697,964,Sep
23,180 Countries & Counting! - Wild Travel Stories With Christian Betzmann | The Ranveer Show 237,2022-09-16,258250,12188,699,Sep
24,"Master Yogi Sri M On Scary Encounter With A REAL Yeti, The Kundalini & The Nagas | TheRanveerShow236",2022-09-13,2183666,72262,7811,Sep
25,"Sourav Ganguly - Leadership, Life Lessons, Cricket Stories & The World Cup | The Ranveer Show 235",2022-09-09,938118,45694,2916,Sep
26,"Shiva, Krishna, Ganesha & The Big Bang - Hinduism Expert Om Dhumatkar | The Ranveer Show 234",2022-09-06,788378,26866,1874,Sep
27,"MARCOS Vijaypal Rawat - Mumbai Attack, Sea Encounters, Underwater Bombs | The Ranveer Show 233",2022-09-02,750182,32167,1574,Sep
28,"BK Sister Shivani - Astrology, Destiny, Karma & Angels | The Ranveer Show 232",2022-08-30,1274176,54652,3936,Aug
29,"North East, Kashmir Conflict, Survival Stories & Encounters ft. Col. Rajeev The Ranveer Show 231",2022-08-26,1211931,58643,3693,Aug
30,"Ghosts, Demons & Hauntings - Paranormal Expert Neil D'Silva | The Ranveer Show 230",2022-08-23,2190301,107541,6515,Aug
31,Archaeologist Reveals SHOCKING Truths Hidden From You - Dr. Ajay Prabhakar | The Ranveer Show 229,2022-08-19,386716,14307,1431,Aug
32,"@Luke Coutinho - Magic Mushrooms, Great S*x & Family Love | The Ranveer Show 228",2022-08-16,267347,11323,1998,Aug
33,"'Nothing' Founder Carl Pei On Apple, Steve Jobs & Leaving 'One Plus' | The Ranveer Show 227",2022-08-12,873267,40209,1806,Aug
34,Ma Anand Sheela - From Bhagwan Rajneesh To Osho's Wild Wild Country | The Ranveer Show 226,2022-08-09,335557,10930,1553,Aug
35,"Janhvi Kapoor Opens Up - Love Life, Deepest Insecurities, Film Games & The Occult, TheRanveerShow225",2022-08-05,1146492,38413,2960,Aug
36,Who Is The REAL Kalki Avatar? Full Explanation By Hinduism Expert Dr. Vineet | The Ranveer Show 224,2022-08-02,1017514,38010,2295,Aug
37,"Indian Commando Shares His Scariest Experiences - Guns, Crocodiles & Terror | The Ranveer Show 223",2022-07-29,486084,21494,1324,Jul
38,"4 Vedas - Tantra, Healing, Black Magic & Mantras | Dr. Radhakrishnan Pillai | The Ranveer Show 222",2022-07-26,867654,41189,2346,Jul
39,"Vaani Kapoor Opens Up On Her Relationship With Co-Stars, Bollywood & Happiness, The Ranveer Show 221",2022-07-22,295748,9075,601,Jul
40,FREE Fat Burning Diet Plan For Men & Women - @Luke CoutinhoHealth Coaching | The Ranveer Show 220,2022-07-19,707025,24233,983,Jul
41,"India‚Äôs Best Fitness Coach Basu Shanker On Training Kohli, Karthik, Ashwin... | The Ranveer Show 219",2022-07-15,701222,20146,759,Jul
42,Abhijit Chavda: America‚Äôs Dark Truth HIDDEN From The World Population | The Ranveer Show 218,2022-07-12,845330,33644,3992,Jul
43,SCARY Future Of Bio-Tech - Black Mirror Is COMING ‚ö†Ô∏èüíÄ | @Sid Warrier | The Ranveer Show 217,2022-07-08,195275,7575,445,Jul
44,Cold War Conspiracy Theories - Abhijit Chavda Explains USA Vs. Russia 1950-1990 | TheRanveerShow 216,2022-07-05,360372,14665,1312,Jul
45,"Conversation With An Astronaut - Space, Aliens & The Future | Sirisha Bandla | The Ranveer Show 215",2022-07-01,249713,10916,736,Jul
46,"World War 2 - Abhijit Chavda On Hitler, Conspiracies & Untold Outcomes | The Ranveer Show 214",2022-06-28,1358495,39183,3202,Jun
47,"Sonali Bendre Opens Up On Life's 2nd Chance, 4th Stage Cancer & Bollywood | The Ranveer Show 213",2022-06-24,392329,11076,679,Jun
48,Left Sweden To Build A Multi-Million Dollar Career In India ft. Cecilia Oldne | The Ranveer Show 212,2022-06-21,291514,10059,565,Jun
49,Love & S*x According To Biology - Neurologist Sid Warrier Explains | The Ranveer Show 211,2022-06-17,376269,14549,495,Jun
50,Nirvana & Neuroscience - Spiritual Master Dadashreeji Opens Up | The Ranveer Show 210,2022-06-14,270216,10718,811,Jun
51,Indian Army's SUPERWOMAN - Dr. Seema Rao - Commando Trainer | The Ranveer Show 209,2022-06-11,94721,4507,237,Jun
52,Jose Covaco Talks About Being Hoezaay | KaanMasti On #TheRanveerShow 208,2022-06-07,135926,6262,635,Jun
53,"Dropout At 13, Millionaire At 20 - Inspiring Vishnu Prasath Story | The Ranveer Show 207",2022-06-03,149882,7258,404,Jun
54,"Ananya Panday Opens Up On Books, Anxiety, Ambition & Life | The Ranveer Show 206",2022-05-31,503796,15921,2134,May
55,The World is F*cked - Abhijit Chavda Geopolitics Update | The Ranveer Show 205,2022-05-27,1326632,49436,4847,May
56,"Saket Modi Explains Behind the Scenes of Blockchain, Web3, Crypto World | The Ranveer Show 204",2022-05-24,130850,6496,600,May
57,My 6 Tattoos And Why I Got Them | The Ranveer Show 203,2022-05-20,141193,7907,385,May
58,How To Become A Bollywood Star - Casting Director Panchami Ghavri | The Ranveer Show 202,2022-05-17,143450,4744,579,May
59,"Kiara Advani On Relationships, Long-Term Love & Psychology | The Ranveer Show 201",2022-05-13,1127701,45959,1677,May
60,Can A Youtuber Become A Billionaire? BeerBiceps and Manish Pandey | The Ranveer Show 200,2022-05-10,151868,7282,600,May
61,"Prateek Kuhad Opens Up - Love, Criticism, Growth & Everything In Between | The Ranveer Show 199",2022-05-06,103038,4061,224,May
62,#mentoo Rights and Laws Explained ft. Deepika Bhardwaj | The Ranveer Show 198,2022-05-03,210991,12468,1323,May
63,Must Watch For All 20-45 YOs | Money Mistakes You Make ft. Sandeep Jethwani | The Ranveer Show 197,2022-04-29,365084,13299,514,Apr
64,"Ajay Devgn Opens Up On His Bollywood Career, Family Life & Success | The Ranveer Show 196",2022-04-26,436716,17713,1468,Apr
65,Want To Evolve To Your Next Form? Amogh Lila Prabhu On Spiritual Evolution | The Ranveer Show 195,2022-04-22,339404,17962,1029,Apr
66,Shahid Kapoor - Dark Horse Of Bollywood | The Ranveer Show 194,2022-04-19,707127,34279,1096,Apr
67,"Sanjay Dutt Opens Up On Drugs, Jail & Cancer | The Ranveer Show 193",2022-04-15,1260240,63585,1856,Apr
68,5 TV Shows That I Recommend To EVERYONE - 2022 Version | The Ranveer Show 192,2022-04-12,171251,7937,419,Apr
69,26/11 Terror Attacks Broken Down By Chief Strategist IPS Sivanandhan | The Ranveer Show 191,2022-04-08,308878,15916,637,Apr
70,1 Life-Changing Advice My Mom Gave Me,2022-04-05,124294,7237,132,Apr
71,Why Short Content Is Killing My Career | The 2022 Social Media Manual | The Ranveer Show 190,2022-04-01,83674,5610,218,Apr
72,2 Smartest Friends Teach Me Big Money Secrets ft. Ayush & Yash | The Ranveer Show 189,2022-03-29,86106,3704,249,Mar
73,Secrets Of John Abraham You Didn't Know About | The Ranveer Show 188,2022-03-25,610996,31384,1854,Mar
74,"Is India Secular? Writer Ashwin Sanghi On History, Politics & Storytelling | The Ranveer Show 187",2022-03-22,120002,5404,891,Mar
75,How To Become Rich - Banker Explains Money Multiplication Hacks | Nikhil A | TheRanveerShow 186,2022-03-19,177079,6511,546,Mar
76,My HONEST Business Case Study - Strategies & Secrets - BeerBiceps TRUE Story | The Ranveer Show 185,2022-03-15,140296,7228,333,Mar
77,"Sikhism From A 2022 Perspective, Spirituality & Guru Nanak‚Äôs Gift @Nanak Naam| The Ranveer Show 184",2022-03-11,198681,9999,1283,Mar
78,"My Life As An Adventurer - Ghosts, Mountains & Animal Death, Dr. Saurabh Rane | The Ranveer Show 183",2022-03-08,466633,19907,639,Mar
79,Sadhguru's Message For Young Citizens Of The World | Save Soil | The Ranveer Show 182,2022-03-04,680719,35354,1949,Mar
80,40 Lakhs+ Pay Packages Without a College Degree? Watch This ft Pratham Mittal | The Ranveer Show 181,2022-03-01,389275,16914,910,Mar
81,"Dear Indian Women, Dr. Kiran Bedi Has A Lot To Say To You | The Ranveer Show 180",2022-02-25,121136,6900,433,Feb
82,State Of War Between Russia & Ukraine Explained By Abhijit Chavda | The Ranveer Show 179,2022-02-23,767518,35580,1878,Feb
83,"Jemimah Rodrigues On Women In Sports, IPL & World Cup | The Ranveer Show 178",2022-02-22,181453,8857,485,Feb
84,Aghoris Explained - Black Magic & Spiritual Growth ft. Mayur Kalbag | The Ranveer Show 177,2022-02-18,698812,30410,1670,Feb
85,Earn ‚Çπ10 Lakh Monthly - 6 High Paying Jobs Of The Metaverse | BeerBiceps Web3,2022-02-15,233728,13165,631,Feb
86,My Failed Love Life - Explained By My Best Friend Nandini Shenoy | The Ranveer Show 176,2022-02-14,412524,15436,680,Feb
87,Shakun Batra On The Process Of Filmmaking & Direction | Secrets Of Bollywood | The Ranveer Show 175,2022-02-11,127297,3711,270,Feb
88,"Insults, Love & Crazy Pop-Culture References By Nandini & Viraj | The Ranveer Show 174",2022-02-10,95194,3574,305,Feb
89,ZERODHA's Nikhil Kamath On How To Make MONEY In 2022 | The Ranveer Show 173,2022-02-08,117213,4741,629,Feb
90,College Failures To Successful Entrepreneurs ft. Varun Duggi & Viraj Sheth | The Ranveer Show 172,2022-02-04,101889,4188,376,Feb
91,BeerBiceps DREAM House Tour üè†,2022-02-02,1649964,60147,2189,Feb
92,UNKNOWN & Unexplored Side Of The Creator Economy ft. Viraj Sheth | The Ranveer Show 171,2022-01-28,133059,6543,578,Jan
93,A Day In The Life Of An IAS Officer ft. Mr. Vivek Atray | The Ranveer Show 170,2022-01-25,139336,6164,483,Jan
94,"Real TRUTH Behind Mahabharata, Ramayana & Spaceships ft. Dr. Vineet |The Ranveer Show 169",2022-01-21,1478575,55698,3473,Jan
95,Shaolin Warrior Monk Harshh Verma Shares His Experience In China | The Ranveer Show 168,2022-01-18,194042,8277,627,Jan
96,Your Phones/Computers Are Hacked - Saket Modi On Cyber Crime | The Ranveer Show 167,2022-01-14,496781,22411,1160,Jan
97,Air Force Veteran Anil Chopra Shares War Stories & Secrets | Air Force üáÆüá≥ | The Ranveer Show 166,2022-01-11,155560,6865,528,Jan
98,"India's NEXT BIG Global Moment - Economy, Policies & Military ft. Dr. Pillai | The Ranveer Show 165",2022-01-07,231558,11967,991,Jan
99,Swami Mukundananda - What Dark Energies & Hatred Can Do To You? | The Ranveer Show 164,2022-01-04,469040,21715,1545,Jan
100,Facts About Drugs You Didn't Know | WEED Explained By Neurologist Dr. Sid | The Ranveer Show 163,2021-12-31,628685,19857,1064,Dec
101,IAS Vivek Atray Shares His Experience On Spirituality & Meditation | The Ranveer Show 162,2021-12-28,305431,13145,764,Dec
102,Crime World & Police - What Happened In The 1990s In Mumbai | IPS Sivanandhan | The Ranveer Show 161,2021-12-24,400988,18470,1190,Dec
103,Left Bollywood Industry For Tiger Conservation - Hans Dalal‚Äôs Crazy Stories | The Ranveer Show 160,2021-12-21,207634,9696,436,Dec
104,Left Brain Vs Right Brain - Dr. Sid Warrier On Insanity & Brain Secrets | The Ranveer Show 159,2021-12-17,455179,19990,1077,Dec
105,"The All New Indian Army, Fire Power & Technology ft. Maj. Gen. G.D. Bakshi | The Ranveer Show 158",2021-12-13,371445,20976,1016,Dec
106,All You Need To Know About Metaverse - Explained SIMPLY ft. Anshul Rustaggi | The Ranveer Show 157,2021-12-10,413517,16927,989,Dec
107,India Will Lead In E-Sports & Blockchain ft. Anshul Rustaggi | The Ranveer Show 156,2021-12-07,183392,8308,372,Dec
108,"Abhishek Bachchan Opens Up On Parenthood, Film Career & Family | The Ranveer Show 155",2021-12-03,655720,20375,1161,Dec
109,Himalayan Temple & Crazy Experiences | Honest Story Of My Visit To A Shaktipeeth @Sushant Divgikar,2021-11-30,231298,13424,438,Nov
110,Plan Retirement By Investing In Stock - Master Tips ft. @Vivek Bajaj | The Ranveer Show 154,2021-11-26,254249,10039,787,Nov
111,10 Sure-Shot Money Making Tips Of 2022 ft. Viraj Sheth | The Ranveer Show 153,2021-11-23,335906,21227,692,Nov
112,Got Attacked By A Shark - Captain Sid On Escaping Death ft. Captain Sid | The Ranveer Show 152,2021-11-19,131796,6271,191,Nov
113,Sea Captain Shares His INSANE Adventure Stories ft. Siddharth Chakravarty | The Ranveer Show 151,2021-11-16,159417,7184,248,Nov
114,Inside The Mind Of A Mad Scientist - Abhijit Chavda On Science Fiction & Math | The Ranveer Show 150,2021-11-12,400764,18321,1449,Nov
115,Rs.2.5 Lakhs+ Jobs Without A College Degree - This is How | The Ranveer Show 149,2021-11-05,821678,15353,741,Nov
116,My Conversations With God üôè | BeerBiceps Spirituality - Ask Ranveer,2021-11-02,110697,8540,568,Nov
117,The INSANE LIFE Of Shalini Vadhera | Ready Set Jet | The Ranveer Show 148,2021-10-29,79497,2865,175,Oct
118,What Dying Feels Like & How To Prepare For It ft. Gauranga Das | Garud Puran | The Ranveer Show,2021-10-26,160024,9842,483,Oct
119,Brain Hacks For Money & Growth With Neurologist Dr. Sid Warrier | The Ranveer Show 147,2021-10-22,1086907,47690,1361,Oct
120,Become A Crypto MILLIONAIRE | Cryptocurrencies For Beginners - Explained | BeerBiceps,2021-10-19,111332,7869,1161,Oct
121,"Taapsee Pannu's Unstoppable Drive For Career, Success & Work-Life Balance | The Ranveer Show 146",2021-10-15,389575,18171,1690,Oct
122,3 ICONIC Books That Changed My Life ft. Ranveer Allahbadia | Book Recommendations 2021 | BeerBiceps,2021-10-12,325005,17349,427,Oct
123,The History You WISH You Were Taught In School ft. Abhijit Chavda | The Ranveer Show 145,2021-10-08,522570,24699,1865,Oct
124,ALIENS And The Mystery Of BLACK HOLES Explained ft. Abhi & Niyu | The Ranveer Show,2021-10-05,541568,31146,809,Oct
125,Unspoken Story Of Kargil War - Colonel Krishnan Srinivasan | Shershaah | The Ranveer Show 144,2021-10-01,339666,12469,566,Oct
126,8 Successful People Explain How To Beat Self-Doubt Like A Warrior | The Ranveer Show,2021-09-28,204222,12787,361,Sep
127,"Truths About Hinduism - Black Magic, Rebirth & Ghosts ft. Devdutt Pattanaik | The Ranveer Show 143",2021-09-24,371121,13196,2397,Sep
128,THIS IS HOW He Made A Local Company Global ft. Marico Founder Harsh Mariwala | The Ranveer Show 142,2021-09-21,113791,5400,241,Sep
129,10 S*x Life Enhancing Techniques You Wish You Knew Earlier | The Ranveer Show 141,2021-09-17,907225,52645,1253,Sep
130,Radhika Gupta‚Äôs Inspiring Story! | Heart to Heart - Honest Conversation | The Ranveer Show,2021-09-14,59878,2923,200,Sep
131,My HONEST Spiritual Journey (Part 2) - BeerBiceps True Story | The Ranveer Show 140,2021-09-10,271758,15468,1194,Sep
132,My HONEST Spiritual Journey (Part 1) - BeerBiceps True Story | The Ranveer Show 139,2021-09-07,539271,26297,2538,Sep
133,How I Became A Start-Up Investor In America ft. Kavita Gupta | The Ranveer Show 138,2021-09-03,174772,5266,384,Sep
134,Major Gaurav Arya - Truth About India Vs. Pakistan and China | The Ranveer Show 137,2021-08-31,930624,48376,2951,Aug
135,‚ÄúI‚Äôve Seen Things NOBODY Has Ever Seen Before‚Äù - Adventurer Devang Thapliyal | The Ranveer Show 136,2021-08-27,1692254,57682,1760,Aug
136,This Monk Will Teach You 1000 Year-Old Brain Hacks ft. Dandapani | The Ranveer Show 135,2021-08-24,615691,25753,1487,Aug
137,"Man Made Virus, Intention behind it, Modern Wars & More ft. Rajiv Malhotra | The Ranveer Show 134",2021-08-20,558941,19667,2442,Aug
138,"Why We QUIT Non-Veg? - Tamannaah Bhatia, Shilpa Shetty, Fittuber, BeerBiceps | The Ranveer Show",2021-08-17,348271,17702,1174,Aug
139,The Special Forces - Mindset and Attitude | The Indian Army | Major Vivek Jacob | The Ranveer Show,2021-08-14,535011,33620,572,Aug
140,He Made My Income Boom - HERE'S HOW ft. Dr. Radhakrishnan Pillai | Chanakya | The Ranveer Show 133,2021-08-13,175094,7685,331,Aug
141,Real STORIES From Special Forces Of The Indian Army ft. Colonel Subin | The Ranveer Show 132,2021-08-10,777889,26866,1187,Aug
142,Sandeep Nailwal On Cryptocurrency & Blockchain | MATIC Founder Polygon | The Ranveer Show 131,2021-08-06,464036,13905,3518,Aug
143,"Startup Growth Hacks, Products, Gaming Industry and more ft. Ryan Hoover | The Ranveer Show 130",2021-08-03,65656,3531,207,Aug
144,Neuroscientist Explains Scary Secrets Of Your Brain | Dr. Baland Jalal | The Ranveer Show 129,2021-07-30,645581,22222,1148,Jul
145,Gauranga Das - Secrets Of The Universe In The Bhagavad Gita | The Ranveer Show 128,2021-07-27,395886,16707,1405,Jul
146,Life-Changing Conversation With The Legendary Monk - Gauranga Das | The Ranveer Show 127,2021-07-23,1139061,42320,2445,Jul
147,Kunal Shah Of Indian Unicorn - CRED On Start-Ups & Productivity Hacks | The Ranveer Show 126,2021-07-20,544379,19642,1279,Jul
148,"Farhan Akhtar on Film Making process, Warrior Mindset, Creativity & Fitness | The Ranveer Show 125",2021-07-16,250824,15604,1598,Jul
149,The BIG Secret To Winning At Life - Explained For Teenagers | Spirituality | The Ranveer Show,2021-07-13,373994,23857,513,Jul
150,"6 Years Of BeerBiceps - Anger, Arrogance & Trauma | The Ranveer Show 124",2021-07-09,105448,6664,466,Jul
151,"Grant Cardone‚Äôs life story | Sales, Bravery & A Winner‚Äôs Mindset | The Ranveer Show 123",2021-07-06,109307,7506,735,Jul
152,"India, China Or USA? Who's The Next Superpower? Abhijit Chavda On GeoPolitics | The Ranveer Show 122",2021-07-02,716031,27656,3158,Jul
153,"India's TOP Educator Aman Dhattarwal On Productivity, EdTech & The Future | The Ranveer Show 121",2021-06-29,433732,22009,1574,Jun
154,"@Sushant Divgikar - The UNTOLD, Heart-warming Story | Rani KoHEnur | The Ranveer Show 120",2021-06-25,558286,28447,2587,Jun
155,How To Manifest - Step By Step Explanation By Luke Coutinho & BeerBiceps | The Ranveer Show,2021-06-22,813545,43610,1232,Jun
156,Viswanathan Anand - The Legendary Chess Grandmaster | The Ranveer Show 119,2021-06-18,196435,11497,881,Jun
157,Sex According To Ancient India - Kamasutra Explained | Seema Anand On The Ranveer Show,2021-06-15,2586587,60289,1494,Jun
158,Everyone Needs To Know This App | Clubhouse HONEST Review | The Ranveer Show 118,2021-06-11,166929,9361,633,Jun
159,"""40 Years In The Amazon Taught Me This"" - Mark Plotkin | Psychedelic Expert | The Ranveer Show 117",2021-06-08,143914,6517,371,Jun
160,4 Life-Changing Lessons NOT Taught By The Indian Education System - Billionaire Mindset | BeerBiceps,2021-06-04,435503,44211,1725,Jun
161,Want To Become CRAZY RICH In Life? - Watch This ft. Malkansview | The Ranveer Show 116,2021-06-01,231898,11172,893,Jun
162,"10,000 To 1 Crore Through Stocks ft. Malkansview | Stock Market MASTERCLASS | The Ranveer Show 115",2021-05-28,984167,43614,3324,May
163,"The Inspiring Story Behind Pinterest, Stripe And Gumroad ft. Sahil Lavingia | The Ranveer Show 114",2021-05-25,87204,4144,358,May
164,"BeerBiceps In Conversation With Matthew Hussey | Breakups, Love & Cheating | The Ranveer Show 113",2021-05-21,219219,11122,962,May
165,"Aliens, Time Travel & Parallel Universes ft. Abhijit Chavda | The Ranveer Show 112",2021-05-18,1428190,51052,3161,May
166,Mind-bending Secrets Of The Universe Explained Simply ft. Abhijit Chavda | The Ranveer Show 111,2021-05-14,825935,38761,2696,May
167,My HONEST Investment Strategy Revealed | Investing For Beginners | BeerBiceps Personal Finance,2021-05-11,1039304,57025,3132,May
168,Want To Make BIG MONEY In Life? Watch This | BeerBiceps Motivation,2021-05-08,294950,20151,1117,May
169,Andre Agassi - World's Number 1 Tennis Player | Sports Motivation | The Ranveer Show 110,2021-05-04,75998,3125,465,May
170,"S*x, Love And Foreplay - Tips, Secrets & Techniques ft. Luke Coutinho | The Ranveer Show 109",2021-04-30,1205114,57130,1771,Apr
171,@GaryVee & BeerBiceps Discuss The Future | The Ranveer Show 108,2021-04-27,280455,19880,1273,Apr
172,The INSPIRING Josh Talks Story - Supriya Paul | The Ranveer Show 107,2021-04-23,98990,4598,324,Apr
173,@A. R. Rahman Opens Up Like Never Before | The Ranveer Show 106,2021-04-20,515127,24943,1278,Apr
174,From Guru To The Big Bull | Abhishek Bachchan On The Ranveer Show 105,2021-04-16,376912,17894,1291,Apr
175,India In 2050 - 6 TOP Entrepreneurs Break It Down For Indian Youth | The Ranveer Show,2021-04-13,144720,8995,458,Apr
176,Major Vivek Jacob On Leaving Special Forces To Change Millions Of Lives | The Ranveer Show 104,2021-04-09,375945,18271,931,Apr
177,"Major Vivek Jacob On Combat, Survival and SPECIAL FORCES Mindset | The Ranveer Show 103",2021-04-06,1984966,80434,3201,Apr
178,"Daaji On The Art Of Heartfulness, Spirituality & Attaining Mental Peace | The Ranveer Show 102",2021-04-02,209554,8263,1096,Apr
179,Gaur Gopal Das Explains Why He Decided To Be A MONK | The Ranveer Show,2021-03-30,79730,4603,148,Mar
180,Luke Coutinho On Mental Health And Brain Training For SUCCESS | The Ranveer Show 101,2021-03-26,823633,22621,1338,Mar
181,Is Hard Work Enough For Success? | DON'T MISS THIS | Ayush Jaiswal On The Ranveer Show,2021-03-23,53897,3356,279,Mar
182,100th Episode Special - Manifest Your Dreams üôè | The Ranveer Show 100,2021-03-19,484237,33408,2086,Mar
183,How To Deal With Self Doubt? ft. Ahsaas Channa | BeerBiceps Motivation | The Ranveer Show,2021-03-16,135493,7102,169,Mar
184,"@Nas Daily On Content Creation, Travelling Stories & Social Media Game | The Ranveer Show 99",2021-03-12,181787,11139,584,Mar
185,My HONEST Mental Health Story - Priyanka Chopra Jonas | The Ranveer Show,2021-03-10,167331,10307,170,Mar
186,7 Powerful Stories Of Inspiring Women Leaders | Women's Day Special | The Ranveer Show,2021-03-07,128389,9403,309,Mar
187,"Crypto Expert Explains How To Make Millions From Bitcoin, Sumit Gupta @CoinDCX | The Ranveer Show 98",2021-03-05,1109869,39727,16136,Mar
188,Meet India's CRYPTO Millionaire Sumit Gupta - EASY Explanation @CoinDCX | The Ranveer Show 97,2021-03-02,1336923,50940,12212,Mar
189,"Sudha Murthy - So What If I Lost The Battle, I Lived The War | The Ranveer Show 96",2021-02-26,2014995,57973,2422,Feb
190,THE WORST TIME PERIOD In History Is Coming Up. Here's Why. | BeerBiceps,2021-02-23,467917,24937,2472,Feb
191,The UNTOLD Truth About My Childhood | All Mothers Are Special | The Ranveer Show 95,2021-02-19,154343,13098,826,Feb
192,How Meditation Helps You Become Successful In Life | Gurudev Sri Sri Ravi Shankar X The Ranveer Show,2021-02-16,213753,13947,394,Feb
193,Zerodha's Nikhil Kamath On Dropping Out Of School To Become Successful | The Ranveer Show 94,2021-02-12,824655,26458,1312,Feb
194,How A Girlfriend (Or Wife) BUILDS Your Career - 6 Men's REAL Love Stories | The Ranveer Show,2021-02-09,186846,13368,405,Feb
195,Superstar Rana Daggubati | Bhallaldeva To Thanos | Inspiring Story Of Bahubali | The Ranveer Show 93,2021-02-05,233591,9850,485,Feb
196,The Social Media Growth SECRET You Should Know | BeerBiceps Motivation #AskRanveer,2021-02-02,126865,10018,341,Feb
197,My REAL LIFE Ghost Story | The Ranveer Show 92,2021-01-29,2567936,167469,11713,Jan
198,Udd Jaa Bandheya - Hindi Song | Harshil Karia X BeerBiceps,2021-01-25,122594,13158,680,Jan
199,Army Man To CEO - Story Of A LEGENDARY Indian Leader | Captain Raghu Raman | The Ranveer Show 91,2021-01-22,505685,10551,470,Jan
200,Dealing With Mental Health Issues? - Watch This | Alpha M. On The Ranveer Show,2021-01-19,126973,8245,239,Jan
201,"Brett Lee On His Cricket Journey, Sledging & Retirement Plans | The Ranveer Show 90",2021-01-15,147390,7610,427,Jan
202,Why Are You FAILING? | Failure Motivation For All 18-25 Year Old | BeerBiceps Motivation,2021-01-12,920462,61073,788,Jan
203,"How FILTERCOPY, DICE MEDIA & GOBBLE Were Built ft. Aditi Shrivastava | The Ranveer Show 89",2021-01-08,92128,3610,352,Jan
204,1 Habit That Will Change Everything | MAKE THIS YOUR MOST SUCCESSFUL YEAR üî• | BeerBiceps Motivation,2021-01-05,291262,25120,453,Jan
205,"Black Holes, Time Travel & Aliens With Abhi & Niyu | The Ranveer Show 88",2021-01-01,1173513,64814,2964,Jan
206,Perverted Questions With Atul Khatri | The Ranveer Show 87,2020-12-25,180134,6754,489,Dec
207,Indian Billionaire On The 1 Biggest Mistake Of ALL INDIANS | Kunal Shah On The Ranveer Show,2020-12-23,1066407,52434,1495,Dec
208,"Sea Monsters, Beasts & REALITY About The Oceans ft. @Abhi and Niyu | The Ranveer Show 86",2020-12-19,557791,27163,758,Dec
209,Former Monk Jay Shetty Explains The End Goal Of Meditation | The Ranveer Show,2020-12-15,82536,5785,238,Dec
210,"Vishen Lakhiani On ""Retraining Your Mind"" For Growth, Riches & Peace | The Ranveer Show 85",2020-12-11,187577,9434,1278,Dec
211,"""How Meditation Built My Billionaire Career"" - Alok Kejriwal's Spiritual Story | The Ranveer Show 84",2020-12-08,93913,4235,208,Dec
212,"Alok Kejriwal On Indian Gaming, Learnings From China & Spiritual Growth | The Ranveer Show 83",2020-12-04,61113,2911,227,Dec
213,3 Steps To Make THIS Year Your Biggest Year Ever | BeerBiceps,2020-12-01,251359,23885,751,Dec
214,Conversation With A Billionaire - The INSPIRING Harsh Mariwala Story | The Ranveer Show 82,2020-11-27,168034,8741,482,Nov
215,"""The Ugly Truth About Fame"" - @Lauv On Mental Health, Love & Spirituality | The Ranveer Show 81",2020-11-20,162851,10436,970,Nov
216,Author: Almanack Of Naval Ravikant Eric Jorgenson | Blockchain & Elon Musk | The Ranveer Show 80,2020-11-13,229289,7153,947,Nov
217,The Twisted Secrets Of Your Brain - ‚Äã@Gad Saad On Evolutionary Psychology | The Ranveer Show 79,2020-11-06,189978,8000,662,Nov
218,"6 PRACTICAL Hacks That Will Make You Rich, Loved & Peaceful | BeerBiceps",2020-11-03,312022,28393,1427,Nov
219,"CEO Radhika Gupta On Overcoming Su*cide, Feminine Energy, Goals & Ambitions | The Ranveer Show 78",2020-10-30,444373,19236,958,Oct
220,"Tamannaah Bhatia On Relationships, Career Growth Mentality & Covid Experience | The Ranveer Show 77",2020-10-23,1830975,62262,3041,Oct
221,"‚Äã@Abhi and Niyu On India's Future, Content Entrepreneurship & Indian Policies | The Ranveer Show 76",2020-10-16,536016,31736,1592,Oct
222,"Captain Raghu Raman On Army Life, Siachen & Combat Mentality | The Ranveer Show 75",2020-10-09,1282783,39009,2091,Oct
223,@Armaan Malik's Inspiring Journey From Bollywood To International Pop | The Ranveer Show 74,2020-10-02,320674,16705,1047,Oct
224,"@Jay Shetty On Meditation, Spirituality & How To Think Like A Monk | The Ranveer Show 73",2020-09-25,1109091,53471,2831,Sep
225,UNICORN Cred Founder Kunal Shah's Powerful Tips For Wealth & Success | The Ranveer Show 72,2020-09-18,1144186,58692,4376,Sep
226,"@Teachingmensfashion On Early Struggles, Hustle Culture and Entrepreneurship | The Ranveer Show 71",2020-09-11,546452,34746,1847,Sep
227,"Ankur @warikoo On Alien Encounters, Souls, Life & Time Travel | The Ranveer Show 70",2020-09-04,475815,20056,1176,Sep
228,Money Expert Explains Financial Basics For Indians - Nithin Kamath (Zerodha) | The Ranveer Show 69,2020-08-28,216835,11033,811,Aug
229,The Success Story Of Zerodha's SMART Business Journey ft. Nithin Kamath | The Ranveer Show 68,2020-08-25,567352,19935,1021,Aug
230,Utth Jaa Rey - Hindi Song | Harshil Karia X BeerBiceps,2020-08-21,660273,48311,1915,Aug
231,6 Successful Men Explain The POWER Of Semen Retention | NoFap Motivation | The Ranveer Show,2020-08-18,2992182,132000,6364,Aug
232,My Ayahuasca Story - The Experience That Changed My Life | The Ranveer Show 67,2020-08-14,1449615,65168,6549,Aug
233,"@Prateek Kuhad On Love Life Learnings, Songwriting Process & Success Mantras | The Ranveer Show 66",2020-08-07,186934,6804,412,Aug
234,Indian Education System Changes Explained In Detail ft. Dr.Radhakrishnan Pillai |The Ranveer Show 65,2020-07-31,208480,13566,1068,Jul
235,Devastating Covid-19 IMPACT On The Restaurant Industry ft. Riyaaz Amlani | The Ranveer Show 64,2020-07-24,94741,3748,219,Jul
236,"Kamasutra, S*x & Romance Secrets With @Seema Anand StoryTelling | The Ranveer Show 63",2020-07-17,1563094,48825,2618,Jul
237,Casual S*x Vs. Serious Relationships - My True Personal Story | The Ranveer Show 62,2020-07-10,1640550,85590,3217,Jul
238,"""200 Days Without Masturbation Changed Me Forever."" - Viraj Sheth | The Ranveer Show 61",2020-07-03,735192,32082,2238,Jul
239,REAL Power Of Manifestation Explained In 4 Minutes ft. Ayushmann Khurrana | The Ranveer Show,2020-06-30,1506170,90307,1001,Jun
240,India's CRAZY Untold History With Author Amish Tripathi | The Ranveer Show 60,2020-06-26,549277,26888,1880,Jun
241,"‚Äã@Gurudev Sri Sri Ravi Shankar On Meditation, Spirituality, Atheism And More | The Ranveer Show 59",2020-06-19,243327,12389,1028,Jun
242,The Ranveer Show - Happiness Through Curiosity,2020-06-16,574953,21762,1040,Jun
243,"Dr. Vivek Bindra On Self Motivation, NoFap & The Future of Business In India | The Ranveer Show 58",2020-06-12,1814793,105882,5258,Jun
244,Want NEXT LEVEL MOTIVATION? Watch This - 3 NBA Stories | NBA Explained | The Ranveer Show 57,2020-06-09,145783,10749,978,Jun
245,My Honest Mental Health Confession - How I Overcame Pain & Self Doubt | The Ranveer Show 56,2020-06-05,287210,23668,1696,Jun
246,Monk Explains Bhagawad Gita In 7 Minutes - Gaur Gopal Das & BeerBiceps | The Ranveer Show,2020-06-02,4219586,196490,3862,Jun
247,5 TV Shows That Changed Me Forever (Available Online) | The Ranveer Show 55,2020-05-29,338931,20500,1072,May
248,"Tiger Shroff On Dragon Ball Z, Fitness, Ambitions, Motivation & Legacy | The Ranveer Show 54",2020-05-26,391224,22369,966,May
249,My TOP 8 Learnings For Life After Covid-19 | The Ranveer Show 53,2020-05-22,204652,13852,748,May
250,YOUTUBE VS TIKTOK - Who Is The Real LOSER? | The Ranveer Show 52,2020-05-19,433650,42595,4540,May
251,Self Made Media Crorepati - Sahil Khattar On His 5 Simple Success Secrets | 83 | The Ranveer Show 51,2020-05-15,271788,11189,530,May
252,The Inspiration Behind BeerBiceps | Meet My Mother | Mother's Day Special | The Ranveer Show 50,2020-05-10,920519,42207,2543,May
253,"OYO's Founder Ritesh Agarwal On Future Of Startups, Inspirations & Covid-19 | The Ranveer Show 49",2020-05-08,358579,14697,802,May
254,"@Raftaar On Career Secrets, Life Goals And Rap Culture In India | The Ranveer Show 48",2020-05-01,480474,35620,1749,May
255,Multiply Money Through Real Estate ft. Yash Talreja | The Ranveer Show 47,2020-04-24,487830,22110,1565,Apr
256,Lockdown Getting To Your Head? Watch This. | BeerBiceps Motivation,2020-04-21,295105,24335,771,Apr
257,"@alpha m. On Hard Work, Money Multiplication & Love Life | Aaron Marino On The Ranveer Show 46",2020-04-17,532327,33879,2244,Apr
258,AGHORIS - The Dark Side Of Spirituality ft. Kiran Khalap | The Ranveer Show 45,2020-04-14,1427902,57834,2452,Apr
259,Harshil Karia On Sacrificing For Success | How To Build A Successful Startup | The Ranveer Show 44,2020-04-11,575997,18494,701,Apr
260,5 BIG Love Lessons From My Past 5 Relationships | The Ranveer Show 43,2020-04-07,973272,70166,4431,Apr
261,10 Movies that will change you FOREVER | The Ranveer Show 42,2020-04-03,915409,44694,3775,Apr
262,"CEO Ashok Ramachandran On Failing Exams, Corporate Mega Success & Leadership | The Ranveer Show 41",2020-03-27,216353,9661,622,Mar
263,"Ayush Mehra on Love, Long Term Relationships and His Girlfriend of 14 years | The Ranveer Show 40",2020-03-20,953237,43615,986,Mar
264,The Coronavirus EFFECT On YOUR MONEY | COVID Rules | The Ranveer Show 39,2020-03-18,90209,4176,271,Mar
265,"@Gaur Gopal Das On His Childhood, Relationships, Life Lessons And Spirituality | The Ranveer Show 38",2020-03-13,3438093,112446,3615,Mar
266,"Glenn McGrath On Mental Fitness, Career Stories & Australia | The Ranveer Show 37",2020-03-06,149467,7422,486,Mar
267,"Ronnie Screwvala On Career Growth Hacks, Love & Success | The Ranveer Show 36",2020-02-28,166978,6204,364,Feb
268,"Rahul Subramanian On Communication Skills, Engineering and Comedy Career | The Ranveer Show 35",2020-02-24,473152,19132,757,Feb
269,Arnold Schwarzenegger's 6 Rules of Success | BeerBiceps Motivation,2020-02-17,458002,31798,632,Feb
270,Conversation with a REAL King - Lakshyaraj Singh Mewar (Udaipur) | The Ranveer Show 34,2020-02-14,1217503,45082,2475,Feb
271,6 Steps To Become a Sexy Teen | BeerBiceps Short Film,2020-02-11,335184,27549,1358,Feb
272,Vidhu Vinod Chopra's Inspirational Life Story | The Ranveer Show 33,2020-02-04,123017,5648,569,Feb
273,"@Barkha Singh on Romance, Personal Finances & Success | The Ranveer Show 32",2020-01-31,1014195,40379,1538,Jan
274,"Rajeev Masand On Bollywood Gossip, Business Secrets & Roundtable Stories | The Ranveer Show 31",2020-01-24,467965,11841,1143,Jan
275,We Are LAUNCHING A New Channel - TRS Clips | BeerBiceps,2020-01-20,121869,9726,654,Jan
276,"Ashish Chanchlani On YouTube Growth Hacks, Bollywood & Career Inspirations | The Ranveer Show 30",2020-01-17,561086,28391,1334,Jan
277,Smash Your Fitness Goals | BeerBiceps Motivational Video,2020-01-13,191490,12541,347,Jan
278,"@Tanmay Bhat On His Comeback, Weight Loss, AIB & Finance | The Ranveer Show 29",2020-01-10,1872105,75296,2297,Jan
279,India's TOP Corporate Coach Radhakrishnan Pillai On Ancient Indian Career Hacks |The Ranveer Show 28,2020-01-03,584374,25806,618,Jan
280,How Semen Can Change Your Life - The NoFap Legend Sarvesh Shashi | The Ranveer Show 27,2019-12-27,3724951,112094,7453,Dec
281,Guide To ADVANCED MEDITATION ft. Radhakrishnan Pillai | The Ranveer Show 26,2019-12-20,968429,35531,1759,Dec
282,What Indians Are NOT Talking About | The Ranveer Show Bonus Episode,2019-12-17,288167,31561,2461,Dec
283,"DJ Bravo On Self Belief, Partying & Becoming LEGENDARY | Dwayne Bravo | The Ranveer Show 25",2019-12-13,152643,9206,421,Dec
284,Why Drugs Are Good For You ft. Luke Coutinho | The Ranveer Show 24,2019-12-06,374403,19294,1131,Dec
285,"Shilpa Shetty Kundra's Secrets To A Rich, Spiritual & Peaceful Life | The Ranveer Show 23",2019-11-29,1108005,37566,1804,Nov
286,"Siddharth Roy Kapur On Bollywood, Failures, Success & Leadership | The Ranveer Show 22",2019-11-22,283637,7955,519,Nov
287,Facing Death For A Living | India's Vegan Mountaineer - Kuntal Joisher | The Ranveer Show 21,2019-11-15,330859,13584,524,Nov
288,"Ayushmann Khurrana's Life Hacks on Confidence, Spirituality & Fitness | The Ranveer Show 20",2019-11-07,1071635,46443,2835,Nov
289,@Luke Coutinho's FREE OF COST Fitness Consultation (For All Body Types) | The Ranveer Show 19,2019-11-02,2249188,74349,2933,Nov
290,When I Met My Idol - Arnold Schwarzenegger | Terminator : Dark Fate | The Ranveer Show 18,2019-10-28,1410825,86544,2001,Oct
291,"Boman Irani's INSPIRING Life Story - Success, Failure, Humility & Brain Hacks | The Ranveer Show 17",2019-10-25,410689,16701,698,Oct
292,"Rajkummar Rao On Initial Struggle, Career Hacks & Bollywood Success Secrets | The Ranveer Show 16",2019-10-19,633308,28681,1076,Oct
293,"Saif Ali Khan On How To Be Rich, Classy, Charming And Woke | The Ranveer Show 15",2019-10-15,1160245,46119,2620,Oct
294,How To Be A SEXIER Man ft. Narendra Kumar | The Ranveer Show 14,2019-10-12,100387,4961,252,Oct
295,"Priyanka Chopra On Mental Health, Hollywood, Goals & Motivation | The Ranveer Show 13",2019-10-08,2140560,108931,3096,Oct
296,Narendra Kumar On Becoming The TOP FASHION DESIGNER From A Paperboy | The Ranveer Show 12,2019-10-04,69060,3296,253,Oct
297,Big Announcement üôè | BeerBiceps,2019-09-27,811708,51247,2192,Sep
298,The Man Who Changed My Life | Manish Pandey - My Mentor | The Ranveer Show 11,2019-09-20,588039,21297,1331,Sep
299,"Srishti Dixit On Anxiety, Mental Health & Meditation Hacks | The Ranveer Show 10",2019-09-13,310768,10720,1271,Sep
300,"Bollywood's UNTOLD Dark Truths, Secrets, Gossips And More ft. Renil Abraham | The Ranveer Show 09",2019-09-06,1524107,34075,6184,Sep
301,The Reality Of Indian Engineering ft. Viraj Sheth | The Ranveer Show - Episode 8,2019-08-30,480051,22162,1561,Aug
302,"Ahsaas Channa On Becoming A Digital Superstar | Work, Bollywood, Dating | The Ranveer Show 07",2019-08-23,633762,24315,856,Aug
303,What Indian Schools Don't Teach Us ft. Dr. Radhakrishnan Pillai | The Ranveer Show 06,2019-08-16,587666,24793,1114,Aug
304,How To Start A MILLION DOLLAR Startup - Step By Step With Ayush Jaiswal | The Ranveer Show 05,2019-08-09,438958,18703,633,Aug
305,"Vegetarianism, Masturbation, NoFap And Porn Addiction ft. Fit Tuber | The Ranveer Show 04",2019-08-02,1404446,78542,5796,Aug
306,How To Deal With Hate? | BeerBiceps Motivation,2019-07-27,113486,7484,266,Jul
307,What Every Man Must Know | BeerBiceps,2019-07-26,526917,9570,578,Jul
308,How Science Explains Spirituality ft. Abhijit Pradhan | The Ranveer Show 03,2019-07-19,265463,12205,842,Jul
309,Scary Dark Indian History ft. Radhakrishnan Pillai | The Ranveer Show 02,2019-07-12,741283,33110,1469,Jul
310,Honest Talks - Uncensored | BeerBiceps Livestream 33,2019-07-04,96931,5790,293,Jul
311,The BeerBiceps Startup Story ft. Viraj Sheth & Ranveer Allahbadia | The Ranveer Show 01,2019-06-21,493714,21325,728,Jun
312,How To Overcome Failures | The Inspirational Story of Manish Chowdhary | The Ranveer Show,2019-06-14,151441,6689,284,Jun
313,MostlySane's Secrets To RAPID Career Growth | Prajakta Koli On The Ranveer Show,2019-06-07,917187,40966,863,Jun
314,A Day With My Love | Meet My Family | BeerBiceps Vlog 10,2019-05-31,2213721,87212,2330,May
315,Chanakya Reborn - India's SMARTEST Man | Dr. Radhakrishnan Pillai On The Ranveer Show,2019-05-24,781737,35989,1255,May
316,This Self Made Millionaire's Story Will FIRE YOU UP üî• - Jimmy Mistry | The Ranveer Show,2019-05-17,534158,26588,1016,May
317,Indian Student? WATCH THIS To Open Your Eyes | Indian Education System | BeerBiceps,2019-05-10,951279,81268,3260,May
318,Money & Fame While Studying - The Slayy Point Story | The Ranveer Show,2019-05-03,2164621,124126,3210,May
319,The Secret Technique For IMPROVING Your Focus & Brain Power | BeerBiceps Motivation,2019-04-26,2495559,168343,2279,Apr
320,Saransh Goila's Journey From Being A Chef To A Successful Entrepreneur | The Ranveer Show,2019-04-19,180587,9639,415,Apr
321,‚ÄãMumbiker Nikhil's SECRET Success Mantra | The Ranveer Show,2019-04-12,1100194,75462,2851,Apr
322,Dream Come True | The BeerBiceps Office Tour,2019-04-05,1217701,53849,1790,Apr
323,The Hidden Rich Life Of Gaurav Kapur | The Ranveer Show,2019-03-29,855505,29261,1060,Mar
324,College Failure to Corporate King - Hitesh Malhotra | The Ranveer Show,2019-03-22,794027,26068,800,Mar
325,"THIS Is For YOU, My Family ‚ù§Ô∏èüôè | BeerBiceps",2019-03-18,206053,14840,1137,Mar
326,From HEARTBREAK To SUCCESS - The Komal Pandey Story | The Ranveer Show,2019-03-15,2585536,100575,2561,Mar
327,‚ÄãCarryMinati's REAL LIFE Story | The Ranveer Show,2019-03-08,9565772,516899,8718,Mar
328,This College Dropout is Making Indians VERY RICH ft. Aayush Jaiswal | The Ranveer Show,2019-03-01,1039633,47646,1667,Mar
329,The Inspiring Zakir Khan Story | Journey of India's MOST LOVED Comedian | The Ranveer Show,2019-02-21,1890325,100249,2448,Feb
330,I Wish I Knew THIS In COLLEGE | BeerBiceps,2019-02-11,230054,15902,649,Feb
331,How Ranveer Singh HACKED His Way To The TOP Of Bollywood | BeerBiceps Passion To Profession Guide,2019-02-08,402817,24503,931,Feb
332,Luke Coutinho‚Äã - India's Most Positive Man | India's Biggest Health Trainer | The Ranveer Show,2019-02-01,948740,31006,1142,Feb
333,5 IMPORTANT Life Skills That Colleges SHOULD Teach You | BeerBiceps Career Advice,2019-01-26,134360,8165,425,Jan
334,If You Hate Your Job/Career - Watch This | Passion To Profession - Step By Step Guide | BeerBiceps,2019-01-22,195235,10276,364,Jan
335,7 Secrets of A Woman's Mind | How Do Women Think | Women's Dating Psychology | BeerBiceps,2019-01-20,449949,23435,986,Jan
336,This Is The REALITY Of My Life - Will You Help Me? | BeerBiceps,2019-01-15,282908,22352,977,Jan
337,India's MOST MOTIVATIONAL Legend - The Mahabharat | BeerBiceps,2019-01-11,609488,41963,1975,Jan
338,Inspiring Story Of India's Brightest Marketing Mind - Kiran Khalap | The Ranveer Show,2019-01-04,864264,27319,1153,Jan
339,Jeet Selal's Inspiring WAR For Fitness | Fitness Entrepreneurship | The Ranveer Show,2018-12-28,323188,23858,968,Dec
340,"Sejal Kumar On Mental Health, Entrepreneurship And Her HUSTLE | The Ranveer Show",2018-12-21,438260,18771,558,Dec
341,Ashish Chanchlani Success Story - His TOP Secrets | The YouTuber Family | The Ranveer Show,2018-12-14,4632079,220225,4388,Dec
342,The CUTEST CROREPATIS - MadhurasRecipe | Inspirational Love Story | The Ranveer Show,2018-12-07,601690,18648,852,Dec
343,99% Indians Are Making THIS HUGE MISTAKE | Biggest Self Improvement SECRET | BeerBiceps,2018-12-04,194772,12721,406,Dec
344,India's First Instagram Crorepati | The Aashna Shroff Story | The Ranveer Show,2018-11-30,2804868,91688,2748,Nov
345,What Every STONER Must Know | Truth About Marijuana | BeerBiceps Weed,2018-11-27,167661,11662,441,Nov
346,My Honest Depression Story | My Story Of Alcoholism | BeerBiceps Mental Health,2018-11-22,2115207,104246,2701,Nov
347,RAGS TO RICHES - The Inspiring Be YouNick Story - From Poverty To SUPERSTAR | The Ranveer Show,2018-11-16,2082376,121268,2892,Nov
348,Every 10th Standard Student Must Know This | Which Stream/Career To Choose In College | BeerBiceps,2018-11-12,132936,8111,598,Nov
349,Ask Me Anything - Rannu Bhai QnA | BeerBiceps Livestream 32,2018-11-08,42815,2809,206,Nov
350,Practical Studying Advice That NOBODY Will Give You | 10th & 12th Student Motivation | BeerBiceps,2018-11-06,215109,12654,381,Nov
351,Best Vacation Of My Life - USA | BeerBiceps Vlog 9,2018-11-01,83732,6064,435,Nov
352,How To Become Disciplined? - Success Mentality | BeerBiceps Mental Fitness,2018-10-29,249699,15554,463,Oct
353,Fittest City In The World - Los Angeles | BeerBiceps Vlog 8,2018-10-25,245129,16462,745,Oct
354,I HATE School / College - What Next? Career Guidance | BeerBiceps Motivation,2018-10-22,471878,31218,1273,Oct
355,World's Best Vegetarian Food - California Food | BeerBiceps Vlog 7,2018-10-18,84019,4578,338,Oct
356,ULTIMATE Online Fashion Shopping Guide - BEST Tips for Flipkart BBD Sale | BeerBiceps Men's Style,2018-10-09,265763,10759,634,Oct
357,Athleisure Clothing Basics For Men - Biggest Fashion Trend | BeerBiceps,2018-10-05,392624,14921,752,Oct
358,Sadhguru Talks About Traditional Indian Fashion Style | Indian Fashion Advice | The Ranveer Show,2018-09-29,233790,12386,420,Sep
359,Law Of Attraction Explained by Sadhguru | BeerBiceps Mental Fitness | The Ranveer Show,2018-09-28,163033,7542,310,Sep
360,Sadhguru On Cyber Bullying & Online Hate | BeerBiceps Mental Fitness | The Ranveer Show,2018-09-27,46585,2645,166,Sep
361,Sadhguru's Life Advice For College Students | Advice For Every 20 Year Old | The Ranveer Show,2018-09-26,1073412,61159,1308,Sep
362,6 TATTOO Style Secrets That You MUST KNOW | BeerBiceps Tattoo Advice,2018-09-13,1532918,65959,1613,Sep
363,3 Career Strategies That Will Change Your Future - Akshay Kumar | BeerBiceps Motivation,2018-09-06,581812,36412,1310,Sep
364,Ultimate Men's Shoe Collection With Prices | BeerBiceps Fashion Guide,2018-08-30,912126,28027,1710,Aug
365,Fashion & Lifestyle QnA - RAPID FIRE STYLE | BeerBiceps Livestream 31,2018-08-23,37111,2320,74,Aug
366,6 Steps to The BEST SLEEP Of Your Life - Sleep Meditation | BeerBiceps Night Time Routine,2018-08-16,562336,32945,1225,Aug
367,Scared About Life/Career? Watch This | Self Doubt Motivational Video | BeerBiceps Motivation,2018-08-09,202588,12665,560,Aug
368,Fitness/Mental Fitness Rapid Fire QnA | BeerBiceps Livestream 30,2018-08-02,40122,2531,127,Aug
369,5 HABITS Women LOVE - Men's Etiquette 101 | Good Manners For Personality Development | BeerBiceps,2018-07-26,545614,35485,1107,Jul
370,9 School/College Popularity Hacks that YOU MUST KNOW ft. Niharika NM | The Ranveer Show,2018-07-19,406374,17851,756,Jul
371,Top 10 Deodorants Under Rs.200 | Cheap And Attractive Deodorants | BeerBiceps Men's Grooming,2018-07-12,1684216,50495,2600,Jul
372,"EASY & BEST Skin Care Routine | Easy Solutions For Pimples, Dark Spots and Acne Removal | BeerBiceps",2018-07-05,4745172,153181,4010,Jul
373,Uncensored QnA - Burnout + Spirituality + Motivation | BeerBiceps Livestream 29,2018-06-28,54650,2903,151,Jun
374,Shaadi/Wedding Clothes - My Picks | BeerBiceps Livestream 28,2018-06-21,241766,6838,233,Jun
375,3 Most Important Teenage Life Lessons That Can Change Your Life | BeerBiceps Motivational Video,2018-06-20,2227387,153748,3260,Jun
376,How To Read ANYONE's Mind Like An Open Book - Body Language Secrets | BeerBiceps,2018-06-14,302909,17535,763,Jun
377,The 'How To Look HANDSOME' Tool Kit | Men's Grooming Products List | BeerBiceps Male Grooming,2018-06-07,729592,30998,1067,Jun
378,Bad Marks But Good Careers ft. MostlySane | The Ranveer Show,2018-05-24,580685,31532,1241,May
379,5 Easy Steps To Speak In ENGLISH Fluently And Confidently | English Speaking Tricks | BeerBiceps,2018-05-17,4613755,293352,5400,May
380,Watch This Video To Know My Business & Income Secrets | BeerBiceps Life Update,2018-05-10,166369,10793,548,May
381,6 Interview Hacks For Your First Job | BeerBiceps,2018-05-07,225940,13190,498,May
382,The HARDEST WORKING Man On YouTube - Gaurav Taneja | The Flying Beast Story | The Ranveer Show,2018-05-03,2292422,114768,2000,May
383,Gaurav Taneja Fitness Rapid Fire QnA üî• | BeerBiceps Livestream 27,2018-04-26,154808,5761,238,Apr
384,9 Short Guy Fashion Tips - INSTANTLY Look TALLER Than You Really Are | How to Look Tall | BeerBiceps,2018-04-23,913359,37364,2719,Apr
385,The Hindi Channel 'Ranveer Allahbadia' Is HERE | BeerBiceps,2018-04-19,137846,9210,1202,Apr
386,BIG Announcement | BeerBiceps Livestream 26,2018-04-19,45212,2436,181,Apr
387,Shahrukh Khan Fashion Breakdown - How EVERY MAN Can Dress Like A Superstar | BeerBiceps Men's Style,2018-04-16,261555,12983,1100,Apr
388,3 PRACTICAL Mental Tricks That Virat Kohli Used to TRANSFORM Himself | BeerBiceps Motivation,2018-04-12,1271259,68929,1544,Apr
389,My Perfume Collection and Recommendations - Fragrances for the Stylish Man | BeerBiceps,2018-04-09,933444,23176,1148,Apr
390,Solution To All Your Fitness Related Problems - Q&A | BeerBiceps Livestream 24,2018-04-05,42403,2704,167,Apr
391,Fitness QnA Part 2 | BeerBiceps Livestream 25,2018-04-05,27656,1169,130,Apr
392,Summer Trend For Men - Linen Clothes | BeerBiceps,2018-04-02,253998,11564,674,Apr
393,To My 1 Million Special Subscribers | BeerBiceps,2018-03-29,112232,11408,1578,Mar
394,Get Motivated In 2 Minutes With Your Favourite YouTube Creators - YTFF 2018 | BeerBiceps Motivation,2018-03-25,193784,17089,872,Mar
395,PASSION To PROFESSION - 100% Guaranteed Way To Find Practical Passion | BeerBiceps Motivation,2018-03-22,163520,10518,889,Mar
396,My Stylish Mens Wear Sneaker Collection | BeerBiceps Men's Style,2018-03-19,1331626,41517,1881,Mar
397,"EASY Method To Become Rich, Famous & Successful | Motivation | BeerBiceps Meditation",2018-03-15,423788,28880,1261,Mar
398,9 Easy Tips To Instantly Look Sexier In A Shirt For Men | BeerBiceps Men's Style,2018-03-12,2665183,79357,1764,Mar
399,5 Self Defense Techniques Every Women Should Know | BeerBiceps Women‚Äôs Fitness,2018-03-07,141504,7998,462,Mar
400,Fitness Rapid Fire QnA üî• | BeerBiceps Livestream 23,2018-03-05,37707,2171,168,Mar
401,Why Indian Education System Will F*CK UP Your Career & Life | BeerBiceps,2018-03-01,381474,26675,1874,Mar
402,4 SECRET Tips To Remove Dandruff Forever | BeerBiceps Health,2018-02-26,2417903,62630,1444,Feb
403,5 EASY Daily Habits THAT WILL CHANGE YOUR LIFE | Success Mentality | BeerBiceps Mental Fitness,2018-02-22,391234,23584,703,Feb
404,Top 5 Formal Clothing For Men | Office Dressing for Men | BeerBiceps Men's Fashion,2018-02-19,2020162,42822,1098,Feb
405,How To Maintain Weight & Stay Fit With PCOS - Women's Health | BeerBiceps Livestream 22,2018-02-15,27757,1233,125,Feb
406,Uncensored QnA Live Stream | BeerBiceps Livestream 21,2018-02-12,45864,2451,224,Feb
407,The Biggest Secret To Self Belief and Success | BeerBiceps Motivational Video,2018-02-08,251849,15209,876,Feb
408,5 Hair Product Side Effects - Honest Advice About HAIR Gels & Waxes | BeerBiceps Hair Care,2018-02-05,938901,36939,1570,Feb
409,Instantly Become More CONFIDENT In Life - 5 Step Confidence Boost | BeerBiceps Mental Fitness,2018-02-01,663216,43963,843,Feb
410,9 CRAZY T-Shirt Hacks - Instantly Look Sexier In A T-Shirt | BeerBiceps Men's Fashion,2018-01-29,2451061,61921,2211,Jan
411,Fitness Rapid Fire Q&A | BeerBiceps Livestream 20,2018-01-25,33778,2191,150,Jan
412,10 Best HAIR CARE Tips Ever - For Men | BeerBiceps,2018-01-22,2148787,57503,2124,Jan
413,Heartbreak? Watch This Video | BeerBiceps Break Up Motivation,2018-01-18,260727,15142,914,Jan
414,How To Get Fair Skin - The Secret Behind FAIRNESS | Grooming Tips For Dark Skin Men | BeerBiceps,2018-01-15,4183640,151930,3924,Jan
415,EASY Mental Trick To Study With Full Concentration & Focus | BeerBiceps Exam Motivation,2018-01-10,5306863,214708,5101,Jan
416,Top Fashion & Grooming Questions Answered - BeerBiceps Grooming | BeerBiceps Livestream 19,2018-01-08,43830,2235,169,Jan
417,The 1 Common Habit Of ALL Successful People - Priming Motivational Video | BeerBiceps,2018-01-03,658667,34685,930,Jan
418,6 MUST Have Jackets - Winter Jackets For Men In India | BeerBiceps Fashion,2018-01-01,628938,16250,784,Jan
419,5 Steps To Make THIS Year The Best Of Your Life | BeerBiceps Mental Health,2017-12-28,191136,15547,743,Dec
420,4 Party Looks - Dressing Rules | Be The HOTTEST Guy At The PARTY | BeerBiceps Party  Fashion,2017-12-25,1250594,29594,926,Dec
421,Top 10 Easy Tips To Achieve Happiness In Life | BeerBiceps Mental Fitness,2017-12-21,387098,19513,946,Dec
422,Dharavi Leather Market Tour & Guide - CHEAPEST But BEST Leather Market in ASIA | BeerBiceps,2017-12-18,252053,6052,250,Dec
423,Best Cheap & Honest Clothing Brand Recommendations | BeerBiceps Fashion,2017-12-12,871945,25997,933,Dec
424,ASK US ANYTHING | BeerBiceps Livestream 18,2017-12-11,30642,2100,168,Dec
425,10 Keto Myths That MOST PEOPLE Believe | Truth About Keto Diet | BeerBiceps Ketogenic Diet,2017-12-06,59920,2016,226,Dec
426,Best HAIRSTYLES For Indian Men ft. Knot Me Pretty | BeerBiceps,2017-12-04,1730355,44851,1214,Dec
427,10 SIMPLE Weight Loss Tips and Fitness Advice | BeerBiceps Fat Burning,2017-11-30,247804,6863,333,Nov
428,6 Secret Study Tips For Good Marks In Exams | BeerBiceps,2017-11-27,661007,36433,1315,Nov
429,Fitness QnA - Jo Chahiye Puch Lo | BeerBiceps Livestream 17,2017-11-23,39736,3165,246,Nov
430,12 Winter Clothing Tips For INDIAN MEN | Men's Style India | BeerBiceps Men's Fashion,2017-11-20,738798,22730,1028,Nov
431,TOP 10 Fitness Tips For TEENS - Build Muscle + Get Taller | BeerBiceps Teenage Fitness,2017-11-16,474939,21236,618,Nov
432,True Story of BeerBiceps - 6 Rules Behind Making Money | BeerBiceps Motivational Startup Story,2017-11-13,450685,37493,1581,Nov
433,How To Increase Height & Stay Fit | Ultimate Teenage Fitness & Height Growth Guide | BeerBiceps,2017-11-09,2331634,94784,5039,Nov
434,Top 5 Winter Hair Care Tips For Men | Men's Hair Care Routine | BeerBiceps Grooming,2017-11-06,3103315,74579,2518,Nov
435,ULTIMATE Bench Press Tutorial | How To Bench Press Correctly | BeerBiceps Workout Coaching,2017-11-02,47641,1957,113,Nov
436,South Mumbai Shopping Vlog - Palladium Mall Men's Fashion Haul | BeerBiceps Vlog 6,2017-10-30,493502,12963,578,Oct
437,Warrior - In Support Of The MeToo Movement | BeerBiceps,2017-10-26,90870,4848,261,Oct
438,How Video Games Earned Him 100 MILLION DOLLARS - The Vishal Gondal Startup Story | The Ranveer Show,2017-10-23,121695,6003,282,Oct
439,ULTIMATE Squats Tutorial | How To Squat For BEGINNERS | BeerBiceps Workout Coaching,2017-10-19,51048,1867,122,Oct
440,How To Style Men's Traditional Wear | Diwali Special | BeerBiceps Fashion,2017-10-16,597961,14489,682,Oct
441,Office Mein QnA | BeerBiceps Livestream 16,2017-10-16,32753,1820,88,Oct
442,INSANE SCIENCE Behind FATS - How Much Fat Should YOU Consume Everyday? BeerBiceps Diet,2017-10-12,65733,2945,210,Oct
443,"ROME Travel Vlog - Food, Art, Fashion, Architecture, Culture | BeerBiceps Vlog  5",2017-10-09,67469,2442,156,Oct
444,ULTIMATE Deadlift Tutorial | How To Deadlift With CORRECT FORM | BeerBiceps Workout Coaching,2017-10-05,123417,4114,204,Oct
445,Why I Am ALWAYS HAPPY - 500K Subscribers Special | BeerBiceps Motivation,2017-10-02,87011,4022,228,Oct
446,Cost Of Healthy Dieting - How Much I Spend Per Day On My Diet | BeerBiceps Fitness,2017-09-28,431280,12025,503,Sep
447,How To Dress Well For Indian Men - Part 2 | BeerBiceps Fashion,2017-09-25,3821487,92359,1769,Sep
448,Need Your Support | BeerBiceps,2017-09-07,68657,5395,495,Sep
449,Best Bloopers Ever | BeerBiceps Bloopers,2017-09-04,841446,57283,2939,Sep
450,Arm Workout AT HOME For Men & Women | Exercise Form & Training Plan | BeerBiceps Home Workout Series,2017-08-31,159664,4882,165,Aug
451,Fashion & Grooming QnA | BeerBiceps Livestream 15,2017-08-28,35868,1889,149,Aug
452,"GOODBYE FOREVER - Stretch Marks | Stretch Marks Science, Causes & Treatment | BeerBiceps",2017-08-24,2172390,65038,2130,Aug
453,How To Achieve ANYTHING IN THE WORLD | Advanced Meditation Technique | BeerBiceps Motivation,2017-08-21,865028,40321,986,Aug
454,Leg Workout For Men & Women At Home | Exercise Form & Training Plan | BeerBiceps Home Workout Series,2017-08-17,133885,4543,147,Aug
455,Ultimate Shoe Collection For Indian Men | Men's Essential Shoes | BeerBiceps Fashion,2017-08-14,975535,22512,1088,Aug
456,Paneer - The Best Vegetarian Protein Source | BeerBiceps Fitness,2017-08-10,682517,19898,1008,Aug
457,TINDER GUIDE - Ultimate Tips | Tinder Do's & Dont's | BeerBiceps Dating Advice,2017-08-08,1587501,31213,1652,Aug
458,BACK WORKOUT For MEN & WOMEN - Home Workout Series | Exercise FORM & Training Plan | BeerBiceps,2017-08-03,127169,3221,151,Aug
459,Best Shaving Guide For Men | BeerBiceps Grooming,2017-07-31,553798,14161,554,Jul
460,Say BYE To MAN BOOBS | How To Remove Chest Fat & Puffy Nipples | Gynecomastia Explained | BeerBiceps,2017-07-27,3192435,65233,1779,Jul
461,College Dressing Style For Indian TEENS & MEN | BeerBiceps Fashion,2017-07-24,1743706,51044,1696,Jul
462,CHEST Workout For Men & Women | Beginners Chest Exercises Without Equipment | BeerBiceps,2017-07-20,214141,6581,184,Jul
463,SECRETS BEHIND SUCCESS - Entrepreneur's Morning Routine For MAXIMUM WORK EFFICIENCY | BeerBiceps,2017-07-16,921548,41028,1243,Jul
464,Easy And Simple Tips To Gain Weight Faster | BeerBiceps Fitness,2017-07-13,617769,21452,602,Jul
465,Extended Live Stream - Chetan Chotia | BeerBiceps Livestream 14,2017-07-10,26643,1535,116,Jul
466,How To Lose Weight FAST At Home - Without Exercise | BeerBiceps Weight Loss Diet Advice,2017-07-05,4135552,104959,2605,Jul
467,10 LOW BUDGET Fashion Tricks | How To Save MONEY On Clothes & Still Be STYLISH | BeerBiceps,2017-07-03,1386204,32847,1163,Jul
468,Guided Home Workout for Men and Women | BeerBiceps Fitness,2017-06-29,794509,31934,829,Jun
469,Fashion QnA | BeerBiceps Livestream 13,2017-06-27,19709,1396,99,Jun
470,Top 7 Tips To Look Handsome Instantly | Indian Men's Grooming Explained | BeerBiceps Men's Grooming,2017-06-26,5183982,92086,2906,Jun
471,3 DAY Working Professional Gym Exercise Plan | BeerBiceps Push Pull Legs Training Split,2017-06-22,91035,2943,170,Jun
472,10 Ways To Impress Any Girl - MostlySane | BeerBiceps Romance,2017-06-19,1082877,35525,1093,Jun
473,How To Make A Career In Fitness - Abhinav Mahajan | Indian Fitness Industry | The Ranveer Show,2017-06-15,204339,9034,265,Jun
474,BeerBiceps & Abhinav Mahajan Enjoy Unhealthy Food | BeerBiceps Livestream 12,2017-06-13,73921,3011,100,Jun
475,Best Home Workout Routine | BeerBiceps Fitness,2017-06-07,579723,17782,530,Jun
476,9 Tips To Look Fit Without Exercise | BeerBiceps Fashion,2017-06-05,945594,31374,642,Jun
477,Facts Indian Parents Should Know About Protein Supplements | BeerBiceps Fitness,2017-05-31,822851,35433,1531,May
478,How To Match Colours Of Clothes | How To Dress Well & Be The Sexiest | BeerBiceps Fashion,2017-05-29,2122389,75792,1612,May
479,250K Subscribers Special - Message to All | BeerBiceps,2017-05-28,20644,1367,181,May
480,Ramzan WEIGHT LOSS Diet Plan - FREE OF COST & GUARANTEED TO WORK | BeerBiceps,2017-05-25,83096,3176,282,May
481,Quitting Coffee WILL Change Your Life | How And Why To Quit A Coffee Addiction | BeerBiceps,2017-05-21,214005,7537,729,May
482,COFFEE 101 - Everything You Need To Know | Coffee & Caffeine Side Effects | BeerBiceps,2017-05-18,161109,9442,607,May
483,Important Announcements - Future | BeerBiceps Livestream 11,2017-05-16,16450,922,55,May
484,Yoga For BEGINNERS - Natasha Noel | BeerBiceps Yoga | The Ranveer Show,2017-05-13,173456,3547,142,May
485,Are Peanuts Good For Weight Loss? | BeerBiceps Fitness,2017-05-10,292402,14728,429,May
486,Jo Puchna Hai Puch Lo üòòüôè | BeerBiceps Livestream 10,2017-05-09,18397,1291,77,May
487,From Bodybuilding To Bollywood | The Inspiring Sahil Khan Story | The Ranveer Show,2017-05-07,1443010,48594,828,May
488,Scivation Xtend BCAA - HONEST Product Review | BeerBiceps Supplement Review,2017-05-04,162875,2185,191,May
489,How to Dress Well For Indian Men |  BeerBiceps Fashion,2017-05-02,7882666,163493,3483,May
490,45 Kg. WEIGHT LOSS Story | Fat to Fit Transformation Story - Reshma Badi | The Ranveer Show,2017-04-29,354891,6137,240,Apr
491,FREE Intermittent Fasting DIET PLAN for Fat Loss OR Muscle Gain | BeerBiceps IF Diet,2017-04-27,1368851,36621,1307,Apr
492,BeerBiceps Team | BeerBiceps Livestream 9,2017-04-25,28853,2251,76,Apr
493,What Are The Symptoms & Cure for Hypothyroidism | BeerBiceps,2017-04-23,613222,21110,1014,Apr
494,A Complete Intermittent Fasting Guidebook With Benefits | IF Diet Explained | BeerBiceps,2017-04-20,1823214,98469,3252,Apr
495,How To Start A Startup - Ranveer's LifeHacks | BeerBiceps,2017-04-17,49034,3718,82,Apr
496,Will Your Height Stop Increasing If You Weight Life? | BeerBiceps Fitness,2017-04-16,504300,24256,1159,Apr
497,Top 5 VEGETARIAN Weight Loss Foods In INDIA | BeerBiceps Veg Weight Loss Diet,2017-04-13,172023,5489,216,Apr
498,Ask Me ANYTHING - But Preferably Not Fitness | BeerBiceps Livestream 8,2017-04-11,19913,2010,109,Apr
499,Best Fat To Fit Transformation Story - Mansoor Fallah | The Ranveer Show,2017-04-09,617751,11763,532,Apr
500,Why India HAS NOT Produced FAST BOWLERS | BeerBiceps Sports Science Cricket,2017-04-05,192839,6158,617,Apr
501,5 Tips For SUCCESS In Life - Ranveer's LifeHacks | BeerBiceps,2017-04-03,39606,2042,102,Apr
502,FREE POST KETO Diet & Training Plan - What To Do AFTER Keto? | BeerBiceps Ketogenic Diet,2017-04-01,143305,3988,243,Apr
503,"YTFF 2017 - Fitness Regimes of YouTubers? AIB, Kenny Sebastian, MostlySane, BeingIndian | BeerBiceps",2017-03-30,86910,2635,102,Mar
504,India's BEST Fitness Trainer - Binny Sreedharan | The Ranveer Show,2017-03-25,43778,1093,69,Mar
505,VEGETARIAN Bodybuilding Diet Science | BeerBiceps Veg Muscle,2017-03-22,94251,3237,148,Mar
506,BIGGEST MISTAKE You'll EVER Make In Life - Ranveer's LifeHacks | BeerBiceps,2017-03-20,281619,10065,329,Mar
507,Fitness Motivation India | BeerBiceps Motivational,2017-03-19,26582,1073,92,Mar
508,The GM DIET - Pros and Cons | BeerBiceps Weight Loss,2017-03-16,160832,2422,402,Mar
509,LifeHacks | BeerBiceps Livestream 6,2017-03-14,7473,771,48,Mar
510,"Weed, Alcohol or Coffee - What Is More Harmful? | BeerBiceps Fitness",2017-03-11,757311,31019,1296,Mar
511,Easy Way To Get A Shredded Body Look | BeerBiceps G-Flux 101,2017-03-09,506376,17324,664,Mar
512,Do Our Grades Matter? | Ranveer's LifeHacks | BeerBiceps,2017-03-07,185527,14262,803,Mar
513,Why Should Women Lift Weights? | Fat To Fit Transformation Story | Kripa Jalan On The Ranveer Show,2017-03-04,447624,9067,344,Mar
514,Meditation At Home For BEGINNERS - Why YOU Should Meditate | BeerBiceps Meditation,2017-03-02,1171553,77806,1137,Mar
515,Fitness QnA 2 | BeerBiceps Livestream 5,2017-03-01,7092,783,69,Mar
516,How To Overcome Sadness In Life | Ranveer's LifeHacks | BeerBiceps,2017-02-28,225134,11226,288,Feb
517,YouTube Live Stream Surprise | BeerBiceps Livestream 4,2017-02-26,9676,1144,103,Feb
518,The Dirty Truth Behind BULKING And CUTTING - Bulk & Cut 101 | BeerBiceps,2017-02-25,131443,4572,204,Feb
519,PCOS/PCOD Diet Science + FREE Plan For Weight Loss / PCOS Cure Diet | BeerBiceps Women's Health,2017-02-23,1481832,54033,2278,Feb
520,KILL Bad Habits FOREVER | Ranveer's LifeHacks | BeerBiceps,2017-02-21,145021,5635,222,Feb
521,Secret To Happiness | BeerBiceps Europe Trip,2017-02-18,71679,2137,131,Feb
522,How To Cut Fat Without Losing MUSCLE | BeerBiceps Bulk to CUT,2017-02-16,206026,6293,303,Feb
523,PROVE THEM WRONG - How To Deal With DOUBTERS & NEGATIVE People | Ranveer's LifeHacks | BeerBiceps,2017-02-14,105973,6523,195,Feb
524,Does Sleep Help You To Burn Fat? | Tips For Good Sleep | BeerBiceps,2017-02-11,333461,14117,361,Feb
525,Is BCCA Good For Your Body? | BeerBiceps BCAA 101,2017-02-08,483961,10688,728,Feb
526,How To STAY MOTIVATED | Ranveer's LifeHacks | BeerBiceps,2017-02-06,48086,2366,90,Feb
527,HEALTHY Butter Chicken | Indian Recipes for Weight Loss | BeerBiceps Chicken Makhani,2017-02-04,139204,4147,118,Feb
528,SECRET Behind CUTS & SIZE - Hypertophy 101 | How To Get Cuts On Your Body | BeerBiceps,2017-02-02,160055,5501,140,Feb
529,From FAILURE To SUCCESS | How To Deal With Failure | Ranveer's LifeHacks | BeerBiceps Motivation,2017-01-31,68727,4269,159,Jan
530,Easy And Quick Paneer Dishes | BeerBiceps Recipes,2017-01-29,704334,19780,245,Jan
531,Is KETOGENIC Diet SAFE? | BeerBiceps Keto,2017-01-26,75422,1653,239,Jan
532,"EPIC Cheat Day - 5 Gardens, Open Gym, Best South Indian food | BeerBiceps Vlog 4",2017-01-22,224433,8817,371,Jan
533,"NEVER Get Injured - Exercise Injuries 101 - Prevention, Treatment, Recovery | BeerBiceps",2017-01-19,78527,3351,123,Jan
534,Your Crush Has A Crush On You! Find Out How | BeerBiceps Relationships,2017-01-16,504634,19568,457,Jan
535,Beginner's CHICKEN Cooking - Top 5 Tips | BeerBiceps Cooking Tutorials,2017-01-14,231270,7708,207,Jan
536,Goodbye Forever ACNE - Pimples Treatment 101 | BeerBiceps Acne & Fitness,2017-01-12,1734982,63519,1505,Jan
537,MS Dhoni Vs. Virat Kohli - Who Is The Best Leader? | Ranveer's LifeHacks | BeerBiceps,2017-01-10,74185,3770,254,Jan
538,Best Burger in Mumbai | BeerBiceps Vlog 3,2017-01-08,111680,3322,155,Jan
539,Thankyou 100K Subscribers | BeerBiceps,2017-01-07,54712,3255,321,Jan
540,My Transformation - Fat Powerlifter To Aesthetic Strength - Training Program | BeerBiceps,2017-01-05,187768,5089,242,Jan
541,Fat Shaming Is Fuel - Ranveer's LifeHacks | BeerBiceps Fat Shaming,2017-01-02,56883,3713,154,Jan
542,TOP 5 Hangover Cure Recipes | BeerBiceps Quick & Easy Recipes,2017-01-01,17793,480,29,Jan
543,Does Beer Gives You A BELLY | Beer & Fitness 101 | BeerBiceps,2016-12-29,1496122,40192,1597,Dec
544,How To Deal With Competition | Ranveer's LifeHacks | BeerBiceps,2016-12-27,17969,1155,84,Dec
545,The Fitness Test - 100 Km. Trek | BeerBiceps Vlog 2,2016-12-25,51702,2343,111,Dec
546,Best Way To Workout During Periods | BeerBiceps Women's Fitness,2016-12-22,344665,19193,738,Dec
547,Easy Ways To Be Confident While Talking To Anyone | BeerBiceps,2016-12-20,508687,21523,484,Dec
548,Paneer Methi Malai - Keto Paneer Recipe | BeerBiceps Vegetarian Ketogenic Diet,2016-12-18,85279,1363,126,Dec
549,Why I Will NEVER Do Steroids | Ranveer's LifeHacks | BeerBiceps,2016-12-13,70030,3102,285,Dec
550,"Best Day Of My Life - Aamir Viral Video Outcome, AIB Shoot, Meeting Tanmay | BeerBiceps Vlog 1",2016-12-10,175259,5460,235,Dec
551,Revealing The Dark Side Of Steroid Use In Bollywood | BeerBiceps Fitness,2016-12-07,559559,18583,1622,Dec
552,How I Deal With HATE - Ranveer's LifeHacks | BeerBiceps,2016-12-06,79998,7164,582,Dec
553,Beginner's Egg Cooking - Top 10 Tips | BeerBiceps Cooking Tutorials,2016-12-04,224177,7781,219,Dec
554,Aamir Khan's DIRTY SECRET - Dangal Transformation Natural? | BeerBiceps Steroids Talk,2016-11-30,733492,29741,2047,Nov
555,How To Chase Your DREAMS - Ranveer's LifeHacks | BeerBiceps,2016-11-29,44991,2391,156,Nov
556,Easy Thai Prawn Stir Fry | Thai Cooking TUTORIAL | BeerBiceps Prawns Recipes,2016-11-27,20714,279,18,Nov
557,Complete PCOS/PCOD Guide | BeerBiceps Health,2016-11-24,357615,24175,810,Nov
558,Be CONFIDENT In ANY Situation - Ranveer's LifeHacks | BeerBiceps,2016-11-21,175237,8190,307,Nov
559,Easy Mangalorian Chicken - Chicken Pulimunchi | BeerBiceps Healthy Indian Curry,2016-11-20,25989,645,25,Nov
560,Calisthenics Or Gym - What Is Better? | BeerBiceps Fitness,2016-11-17,307820,11688,635,Nov
561,BEAT HEARTBREAK Like A BOSS! - Ranveer's LifeHacks | BeerBiceps,2016-11-14,88888,5029,230,Nov
562,Keto Paneer Recipe - Paneer Hariyali Tikka | BeerBiceps Vegetarian Ketogenic Diet,2016-11-13,204266,3536,163,Nov
563,Easy Weight Loss Technique For Women - Top 5 Women's Fitness Tips | BeerBiceps Women's Fitness,2016-11-10,1350159,65802,2360,Nov
564,5 Tips For Becoming A Successful Entrepreneur - Ranveer's Life Hacks | BeerBiceps,2016-11-08,22599,1558,193,Nov
565,Kaju Paneer Curry | BeerBiceps Healthy Indian Paneer Recipes,2016-11-06,24914,676,62,Nov
566,Build A Muscular Body Without Supplements | BeerBiceps Fitness,2016-11-03,555683,20585,1164,Nov
567,Healthy Sheera - Diwali Dessert | BeerBiceps Indian Vegetarian Recipes,2016-10-30,22968,630,57,Oct
568,Vegetarian Keto Diet Plan For Weight Loss | BeerBiceps Fitness,2016-10-27,701640,14791,980,Oct
569,Chinese Omelette - Easy Egg Recipes | BeerBiceps Breakfast Recipes,2016-10-23,206637,4517,99,Oct
570,"Thank You For 50,000 Subscribers | BeerBiceps",2016-10-20,5371,420,122,Oct
571,Find Out Which Weight Is Best For Your Body - Heavy or Light | BeerBiceps Muscle Building Advice,2016-10-20,423397,14893,536,Oct
572,EPIC Cheat Meal - Chicken Burger | BeerBiceps High Protein Recipes,2016-10-16,112336,3326,146,Oct
573,World's Healthiest Cuisine? | BeerBiceps WEIGHT LOSS Advice,2016-10-13,115392,4040,247,Oct
574,Honey Smoked Chicken Salad | BeerBiceps Easy Keto Salad Recipes,2016-10-09,41161,820,33,Oct
575,Ranveer Singh Shoulder Workout | BeerBiceps Bollywood Bodies,2016-10-06,162298,3237,127,Oct
576,Honey Chilli Chicken - Healthy Indian Chinese Recipe | BeerBiceps Chicken Recipes,2016-10-02,31425,831,34,Oct
577,Is Soya Recommended For Body Builders? | BeerBiceps Fitness,2016-09-29,1106701,43977,1689,Sep
578,Best Punjabi Chola Masala | High Protein | BeerBiceps Recipe,2016-09-25,310874,7229,253,Sep
579,The BEST Weight Loss Advice You'll Get | BeerBiceps Weight Loss Motivation,2016-09-21,51927,1597,97,Sep
580,Keto Chicken Breast Crown | BeerBiceps Keto Chicken Recipe,2016-09-18,113641,1829,63,Sep
581,Lift Up Your Mood After A BreakUp | Breakup Motivation | BeerBiceps Fitness Motivational Video,2016-09-14,582359,18501,537,Sep
582,Palak Paneer - Indian Spinach Recipe | BeerBiceps Healthy Punjabi Food,2016-09-11,48835,1008,91,Sep
583,John Abraham Arm Workout - Detailed Arm Workout Plan In Gym | BeerBiceps,2016-09-08,195885,4382,163,Sep
584,Mutton Keema Masala | BeerBiceps Recipes,2016-09-04,31827,830,54,Sep
585,How India Can Win More Medals At The Olympics | BeerBiceps,2016-09-01,10835,708,93,Sep
586,Best Fusion Omelette | Healthy Recipes | BeerBiceps Recipes,2016-08-28,881803,16443,400,Aug
587,Chest Workout Plan | How To Get A Body Like Varun Dhawan | BeerBiceps Fitness,2016-08-25,394288,9734,328,Aug
588,Keto Chicken Breast Pockets With Bacon | BeerBiceps Ketogenic Diet Recipes,2016-08-21,34468,438,87,Aug
589,THIS Is How How Lose Weight - Diet Motivation | BeerBiceps,2016-08-18,459530,14750,502,Aug
590,Soya Curry - South Indian Soya Chunks Recipe | BeerBiceps Healthy Vegetarian Recipes,2016-08-14,48024,1198,44,Aug
591,Become A BETTER Athlete - Football Fitness Training | BeerBiceps,2016-08-11,46281,2356,126,Aug
592,Curry Roast Chicken - Keto Indian Chicken Recipe | BeerBiceps Ketogenic Diet,2016-08-06,71230,1163,74,Aug
593,Does Green Tea Help You With Weight Loss? | BeerBiceps Fitness,2016-08-04,740964,21609,599,Aug
594,Mushroom Stuffed Omelette - Easy Egg Recipe | BeerBiceps Breakfast Recipes,2016-07-30,19649,476,26,Jul
595,Are There Any Side Effects Of Creatine? | BeerBiceps Fitness,2016-07-28,756412,25423,986,Jul
596,Lemon Chicken With Keto Greens | Easy & Best Keto Recipe | BeerBiceps Fitness,2016-07-24,664752,13559,325,Jul
597,Keto Refeed Day 101 - Carb Up To Lose Weight | BeerBiceps Ketogenic Diet,2016-07-21,102232,2651,235,Jul
598,Healthy Paneer Tikka Masala - Indian Bodybuilding Recipes | BeerBiceps Vegetarian,2016-07-17,129289,3060,76,Jul
599,Pokemon Go Is Your Belly Fat SOLUTION | BeerBiceps Weight Loss Advice,2016-07-13,17232,508,42,Jul
600,Healthy Paneer Chilli | BeerBiceps Vegetarian Indian Chinese Style Recipes,2016-07-10,156433,3288,118,Jul
601,Salman Khan Leg Workout - Lower Body Workout In Gym | BeerBiceps Bollywood Bodies,2016-07-07,65406,1585,92,Jul
602,Simple & Easy Recipe To Make Paneer At Home | BeerBiceps,2016-07-03,308219,8224,191,Jul
603,Hrithik Roshan Back Workout - Detailed Back Workout in Gym | BeerBiceps Bollywood Bodies,2016-06-30,225744,4176,196,Jun
604,High Protein & Fat Free Khichda | BeerBiceps Vegetarian Bodybuilding Recipes,2016-06-26,303935,5923,223,Jun
605,Detailed Diet Plan for FAST Fat Loss - Ketogenic Diet  | BeerBiceps Keto Weight Loss,2016-06-23,1942544,34181,1481,Jun
606,Build Muscle FAST - The Science Of Weight Training | BeerBiceps,2016-06-19,275647,9108,185,Jun
607,"Thank You For 10,000 Subscribers | BeerBiceps",2016-06-16,7777,486,114,Jun
608,Upma - Healthy Indian Vegetarian Recipes | BeerBiceps Breakfast,2016-06-12,152343,3874,192,Jun
609,Bollywood Bodies - BeerBiceps FREE Training Program | BB Summer Level 2,2016-06-09,18107,447,66,Jun
610,Fitness Motivation India | BeerBiceps Motivational,2016-06-04,182199,3032,170,Jun
611,My KETO Experience - Mistakes & Advice | Weight Loss & Bodybuilding Ketogenic Diet | BeerBiceps,2016-06-02,296378,5702,537,Jun
612,"Ketogenic Diet 101 - The FASTEST Weight Loss Diet | Details, Benefits & Results | BeerBiceps Health",2016-05-29,3454749,60260,3405,May
613,Ramzan Training & Diet Plan for MUSCLE BUILDING - How To Lose Weight In Ramadan | BeerBiceps,2016-05-25,100767,7087,672,May
614,Easy Roast Chicken | BeerBiceps Keto Recipes,2016-05-22,88860,856,56,May
615,Tanmay Bhat Weight Loss Motivation | BeerBiceps BB Summer,2016-05-18,65211,1370,82,May
616,Healthy Italian Grilled Fish | BeerBiceps Keto Diet Recipes,2016-05-14,50693,559,42,May
617,How To Transform From Skinny To Ripped | BeerBiceps Fitness,2016-05-11,483738,13377,411,May
618,Kerela Chicken - Indian Keto Recipes | BeerBiceps Chicken Recipes,2016-05-08,224300,3378,184,May
619,The Cheat Meal Guide - Eat What You Want & Stay Thin | BeerBiceps Diet Advice,2016-05-05,210649,6890,190,May
620,Protein Omelette | BeerBiceps Bodybuilding Breakfast Egg Recipes,2016-05-01,86623,1193,74,May
621,Best Protein Powder For Different Body Types | BeerBiceps Fitness,2016-04-28,1035956,24438,1085,Apr
622,Best Health Cooking Hacks | BeerBiceps Diet Food,2016-04-24,16481,626,46,Apr
623,BB Summer - Free & Guided Weight Loss Plan | BeerBiceps Fitness,2016-04-21,782610,19189,780,Apr
624,Chicken Seekh Kabab - Keto Recipes Indian Style | BeerBiceps Chicken Recipe,2016-04-17,194660,3356,112,Apr
625,Full Body Transformation Routine For Men and Women | BB Summer | BeerBiceps Fitness,2016-04-14,715900,17350,532,Apr
626,Smart Dieting - How To Diet And Lose Weight Fast For MEN & WOMEN | BeerBiceps Diet Advice,2016-04-10,231614,7818,227,Apr
627,BB Summer - FREE & Guaranteed Weight Loss | BeerBiceps Fitness,2016-04-07,93727,3643,292,Apr
628,Best Tandoori Chicken Recipe | BeerBiceps Recipes,2016-04-03,205414,3863,160,Apr
629,3 Tips To Select The Best Gym | BeerBiceps Fitness,2016-03-31,330798,12013,420,Mar
630,Paneer Bhurji | BeerBiceps Vegetarian Recipes,2016-03-27,323822,9072,206,Mar
631,Vegetarian Diet Plan For Bodybuilding | BeerBiceps Fitness,2016-03-24,906184,30301,1504,Mar
632,Paneer Pakora Recipe | BeerBiceps HEALTHY Vegetarian,2016-03-20,96441,2908,102,Mar
633,Triceps Workout For Beginners | BeerBiceps Workout,2016-03-17,133428,3945,91,Mar
634,South Indian Egg Bhurji | BeerBiceps Healthy Breakfast Recipes,2016-03-13,35408,676,47,Mar
635,How Many Eggs Should I Eat A Day | BeerBiceps Diet,2016-03-10,1062773,35126,1617,Mar
636,Chicken Green Curry | Diet Food | BeerBiceps Recipe,2016-03-06,6685,194,39,Mar
637,Chest Workout For Beginners | BeerBiceps Workout,2016-03-03,139556,3368,67,Mar
638,Stuffed Masala Omelette | BeerBiceps Healthy Breakfast Recipes,2016-02-28,423120,8177,297,Feb
639,Fitness Motivation India | BeerBiceps Motivation,2016-02-25,25157,1068,84,Feb
640,Full Day Of Eating | INDIAN Diet For Bodybuilding | BeerBiceps Lean Bulking Diet,2016-02-21,620461,17577,949,Feb
641,Find Out The How Much Protein Your Body Needs | Muscle Building | BeerBiceps Fitness,2016-02-18,654587,22189,891,Feb
642,Dry Chicken Recipe - Healthy Tawa Chicken For Fat Loss and Bodybuilding | BeerBiceps Recipes,2016-02-14,152097,4089,177,Feb
643,Top 3 Methods To Reduce MUSCLE SORENESS After Workout | BeerBiceps Gym Tips,2016-02-11,1725776,45691,1837,Feb
644,Soya Tikki - Indian Snacks Recipes | BeerBiceps Recipes,2016-02-07,31858,795,66,Feb
645,How To Lose Weight Fast At Home - What After Sugar? | BeerBiceps Diet Tips,2016-02-04,75502,2411,122,Feb
646,Smoked Masala Lady Fish Fry | Diet Food | BeerBiceps Recipes,2016-01-31,72795,652,59,Jan
647,Low Budget & Affordable Diet Plan | BeerBiceps Fitness,2016-01-28,552494,10847,713,Jan
648,Best Soya Bhurjee Recipe | Diet Food | BeerBiceps Recipes,2016-01-24,642706,20156,632,Jan
649,Are Fruits Good For Weight Loss ? | Is Fruit Sugar Bad For You ? | BeerBiceps Food Diet,2016-01-21,116478,3571,226,Jan
650,General FITNESS QnA | BeerBiceps Livestream 3,2016-01-17,6043,130,26,Jan
651,Is Non-Vegetarian Food Good Or Bad For Health? | BeerBiceps Diet Food,2016-01-14,131308,3206,993,Jan
652,Grilled Chutney Fish - Healthy Fish Recipes | Weight Loss Recipe | BeerBiceps Diet Food,2016-01-10,8166,163,9,Jan
653,Why Every Human Should Consider Taking Up Weight Training | BeerBiceps Livestream 2,2016-01-07,5852,151,11,Jan
654,Biceps Workout For Beginners | BeerBiceps Workout,2016-01-07,285200,7294,155,Jan
655,The BeerBiceps Introduction | BeerBiceps Live Stream,2016-01-05,9423,304,38,Jan
656,Paneer Cheese Kabab | High Protein Vegetarian Recipes | BeerBiceps Diet Food,2016-01-03,243287,3229,70,Jan
657,Can You Stay Fit By Drinking Alcohol? | Alcohol & Fitness | BeerBiceps,2015-12-30,302416,8125,415,Dec
658,Weight Loss Challenge For Beginners - #BB40Challenge FAQs | BeerBiceps,2015-12-27,23928,584,54,Dec
659,How To Choose Best Supplement Powder In India - Bodybuilding | BeerBiceps Fitness,2015-12-24,721865,15846,736,Dec
660,Healthy Indian Fish Recipes For Weight Loss - GRILLED Pomfret Recipe | BeerBiceps Food,2015-12-20,222735,1959,85,Dec
661,Weight Loss Challenge For Beginners | Fitness Plan | BeerBiceps Fitness,2015-12-17,414326,9894,697,Dec
662,Peanut Masala Paneer | HEALTHY Paneer Recipes for BODYBUILDING | BeerBiceps Diet,2015-12-13,73225,2015,84,Dec
663,How To Kill Your Cravings? | BeerBiceps Diet,2015-12-10,354995,16673,563,Dec
664,Shoulder Workout For Beginners - Dumbbells And Free Body | BeerBiceps Workout,2015-12-03,122832,3891,76,Dec
665,My Message To 40+ Indians Everywhere - BeerBiceps Motivation,2015-11-26,8369,317,26,Nov
666,Healthy Egg Pav Bhaji - High Protein Shakshuka | BeerBiceps Food,2015-11-22,28939,524,37,Nov
667,Back Workout For Beginners | BeerBiceps Workout,2015-11-19,85487,2479,78,Nov
668,Veg Diet For Bodybuilding - HIGH PROTEIN Vegetarian Diet | BeerBiceps Diet,2015-11-12,56458,1706,147,Nov
669,Push Up Variations For Beginners - 5 Variations | BeerBiceps Workout,2015-11-05,289491,10420,202,Nov
670,How To Squat For Beginners - Free & Weighted | BeerBiceps Workout,2015-10-29,226110,7806,227,Oct
671,Should Girls Lift Weights? - 4 Biggest Benefits | BeerBiceps Fitness,2015-10-22,32579,1784,93,Oct
672,How To Lose Weight & Get Lean | BeerBiceps Workout,2015-10-15,497940,13606,503,Oct
673,How To Reduce Belly Fat Easily - Detailed Explanation | BeerBiceps Fitness,2015-10-11,1730047,49789,1279,Oct
674,Whole Grilled Fish - Chinese Style | Healthy Recipe - BeerBiceps Food,2015-10-08,155057,846,46,Oct
675,What Are The Benefits & Side Effects Of Whey Protein | The Scientific Truth | BeerBiceps Gym Tips,2015-10-04,690624,20862,802,Oct
676,BEST Fat Loss Workout For Indian Women | BeerBiceps Fitness,2015-10-01,679659,24832,724,Oct
677,Food To Gain Weight For Men & Women - BeerBiceps Diet Advice,2015-09-27,67518,2279,72,Sep
678,How To Put On Weight Faster | BeerBiceps Fitness,2015-09-24,237323,6142,206,Sep
679,Tandoori Chicken Recipe (Fat Free) - Healthy Indian Food For Bodybuilding | BeerBiceps Food,2015-09-20,339632,7897,280,Sep
680,Healthy Chicken Recipe - How To Cook Juicy Chicken Breast | BeerBiceps Food,2015-09-17,232886,3202,117,Sep
681,What Should I Eat After A Workout - Post-Exercise Nutrition | BeerBiceps Diet,2015-09-13,84940,2831,112,Sep
682,What Should I Eat Before A Workout - Pre-Exercise Nutrition - BeerBiceps Diet,2015-09-10,189163,6182,188,Sep
683,Vegetarian Bodybuilding Diet - THE SCIENCE AND TRUTH - BeerBiceps Vegetarian Fitness,2015-08-30,81208,2111,127,Aug
684,How Many Reps Should You Do To Build Muscle? | The TRUTH And SCIENCE | BeerBiceps Gym Tips,2015-08-26,58268,3569,149,Aug
685,Are Carbs Good Or Bad? - The TRUTH And SCIENCE | BeerBiceps Diet Tips,2015-08-19,68429,2581,134,Aug
686,Slow Roasted Pork Shoulder Recipe - India Specific | BeerBiceps,2015-08-16,99297,1283,314,Aug
687,How To Lose Weight Fast For INDIANS - TOP 5 DIET TIPS | BeerBiceps Fitness,2015-08-15,50828,1337,64,Aug
688,Gym Tips For Beginners In India | BeerBiceps Gym Tips,2015-08-15,102438,3246,116,Aug
689,The Introduction | BeerBiceps,2015-08-15,260144,10209,700,Aug
