,Title,Published_date,Views,Likes,duration,Comments,durationSecs,Month
0,"If You Feel LAZY, LOST & UNMOTIVATED, Watch This To CHANGE EVERYTHING In 2023 | Jim Kwik",2022-11-28,42009,1677,PT50M16S,105,3016.0,Nov
1,2 Misconceptions About Love & How to Turn Toxicity into Healthy Boundaries,2022-11-25,63952,2146,PT55M38S,129,3338.0,Nov
2,"If You Want To COMPLETELY CHANGE Yourself In 2023, WATCH THIS! | Joe Jonas  & Jay Shetty",2022-11-21,52971,1598,PT1H1M37S,112,3697.0,Nov
3,Learn The MOST IMPORTANT Skills To Be SUCCESSFUL In The 21st Century  | Ray Dalio & Jay Shetty,2022-11-14,39595,1158,PT1H33M15S,108,5595.0,Nov
4,How To STOP Insecurity & TRULY LOVE YOURSELF To The Core | Selena Gomez & Jay Shetty,2022-11-07,725460,28767,PT1H37M12S,1286,5832.0,Nov
5,FIND YOUR PURPOSE - How To Manifest SUCCESS & ABUNDANCE In 2023 | Lewis Howes & Jay Shetty,2022-11-04,124643,3698,PT1H22M43S,368,4963.0,Nov
6,YouTube CEO Reveals How To BUILD A BRAND & Achieve SUCCESS In 2023 | Susan Wojcicki & Jay Shetty,2022-10-31,27829,991,PT50M11S,89,3011.0,Oct
7,"If You FEEL LOST & UNHAPPY In Life, Watch This To FIND YOURSELF In 2023 | Jay Shetty",2022-10-28,73187,2049,PT1H13M35S,243,4415.0,Oct
8,The ROOT CAUSE Of Trauma & Why You FEEL LOST In Life | Dr. Gabor Mat√© & Jay Shetty,2022-10-24,246830,9555,PT1H19M1S,611,4741.0,Oct
9,John Legend's EYE OPENING Speech On How To Manifest ABUNDANCE & HAPPINESS | Jay Shetty,2022-10-17,72041,1809,PT1H8M49S,266,4129.0,Oct
10,"If You're Feeling Depressed, Sad, Or Anxious, WATCH THIS! | Lily Singh & Jay Shetty",2022-10-14,46861,1318,PT1H10M18S,119,4218.0,Oct
11,DO THIS Daily Habit To Manifest ABUNDANCE & SUCCESS! | Vishen Lakhiani & Jay Shetty,2022-10-10,287092,8904,PT54M23S,343,3263.0,Oct
12,"If You Want To MANIFEST Your Dreams In 2023, WATCH THIS! | Ed Mylett & Jay Shetty",2022-10-07,125496,4177,PT54M58S,159,3298.0,Oct
13,Feeling Insecure? This Video Will CHANGE Everything! | Alex Cooper & Jay Shetty,2022-10-03,309479,7882,PT1H46M18S,336,6378.0,Oct
14,DO THIS Everyday To Completely Heal Your BODY & MIND | Dr. Daniel Amen & Jay Shetty,2022-09-26,143147,5519,PT1H9M47S,283,4187.0,Sep
15,"If You Want To LOVE YOURSELF To The Core, WATCH THIS! | Byron Katie & Jay Shetty",2022-09-23,88544,2444,PT42M36S,121,2556.0,Sep
16,"FOCUS ON YOURSELF, NOT OTHERS - Stop Negative Thoughts & Build SELF LOVE | Noah Cyrus & Jay Shetty",2022-09-19,109959,3787,PT50M29S,183,3029.0,Sep
17,"Kendall Jenner Opens Up About Anxiety, Insecurity, & How To Be Truly Happy! | Jay Shetty",2022-09-12,1769837,56569,PT53M59S,2011,3239.0,Sep
18,"This Works Like Magic! - If You FEEL LOST In Life, Watch This To FIND YOURSELF! | Joe Dispenza",2022-09-09,155212,3189,PT2H21M42S,108,8502.0,Sep
19,"When You Feel SAD or LONELY In Life, WATCH THIS! (Heal Your Trauma) | Susan Cain & Jay Shetty",2022-09-05,34930,1064,PT1H2M26S,57,3746.0,Sep
20,Dennis Rodman's LIFE ADVICE On Overcoming Pain Will Leave You SPEECHLESS | Jay Shetty,2022-09-02,19814,464,PT1H42S,81,3642.0,Sep
21,"If You STRUGGLE With Low Self-Worth & Confidence, WATCH THIS! | Meghan Trainor & Jay Shetty",2022-08-29,81031,2934,PT1H2M48S,149,3768.0,Aug
22,How To UNLEASH Your Super Brain To NEVER BE LAZY Again! | Jim Kwik & Jay Shetty,2022-08-26,40819,1631,PT1H5M38S,66,3938.0,Aug
23,Dave Ramsey's SECRET TO WEALTH & RICHES Will Leave You SPEECHLESS! | Jay Shetty,2022-08-22,56651,1958,PT55M26S,225,3326.0,Aug
24,"YOU ARE STRONG - Anyone Who Feels Stressed & Anxious, WATCH THIS! | Lili Reinhart & Jay Shetty",2022-08-15,447316,15038,PT1H21M35S,567,4895.0,Aug
25,"FIND YOUR PURPOSE - If You Feel LOST & UNHAPPY In Life, Watch This! | Jay Shetty",2022-08-12,89832,2240,PT47M55S,80,2875.0,Aug
26,"If You Want To CHANGE Your Life In 1 Year, WATCH THIS! | Jenna Kutcher & Jay Shetty",2022-08-08,37712,1207,PT58M,36,3480.0,Aug
27,"""This SECRET Was Kept By Monks"" - How To Achieve SELF MASTERY | Gauranga Das & Jay Shetty",2022-08-05,250469,5167,PT55M17S,207,3317.0,Aug
28,LONGEVITY: The Daily Hacks To COMPLETELY HEAL Your Body & Mind! | Shawn Stevenson & Jay Shetty,2022-08-01,34448,1271,PT1H31M48S,114,5508.0,Aug
29,The 3 KEY SIGNS That Relationship Will Last! (How To Find Love) | Lewis Howes & Jay Shetty,2022-07-29,118767,3000,PT56M29S,232,3389.0,Jul
30,The 3 MONEY MYTHS That Keep You Poor! (How To Build Wealth) | Jaspreet Singh & Jay Shetty,2022-07-25,109586,4761,PT1H11M41S,490,4301.0,Jul
31,How To REMOVE TOXIC PEOPLE & Thoughts From Your Life! | Lindsey Stirling,2022-07-22,26459,1012,PT56M14S,71,3374.0,Jul
32,"In Order To Change Your Life, YOU NEED TO LEARN THIS FIRST! | Zachary Levi & Jay Shetty",2022-07-18,34894,1344,PT39M10S,65,2350.0,Jul
33,The BIG SIGNS You've Found THE ONE... (Find The Perfect Relationship) | Jay & Radhi Shetty,2022-07-15,152878,4384,PT1H20M39S,132,4839.0,Jul
34,"If You Want To COMPLETELY CHANGE Your Life In 7 Days, WATCH THIS! | Lisa Bilyeu",2022-07-11,46692,1639,PT58M22S,90,3502.0,Jul
35,How To Change The World & Make An Impact! | Matt Damon & Gary White,2022-07-04,11989,398,PT44M50S,65,2690.0,Jul
36,"Before You WASTE Your Life Away, WATCH THIS! | Alicia Keys & Jay Shetty",2022-07-01,52399,1310,PT53M34S,49,3214.0,Jul
37,"If You Want To COMPLETELY HEAL Your Body & Mind, WATCH THIS! | Gabrielle Bernstein & Jay Shetty",2022-06-27,52136,2000,PT1H2M13S,89,3733.0,Jun
38,"When You're FEELING INSECURE, Watch This To Change EVERYTHING! | Jay Shetty",2022-06-24,26316,736,PT47M14S,83,2834.0,Jun
39,The MOST EYE OPENING Speech On Why You FEEL LOST & UNHAPPY In Life! | Dr. Rangan Chatterjee,2022-06-20,65818,2128,PT52M29S,60,3149.0,Jun
40,Khloe Kardashian's EYE OPENING Speech On How To MANIFEST ABUNDANCE! | Jay Shetty,2022-06-17,951204,24325,PT49M51S,1690,2991.0,Jun
41,"Before You WASTE Another Year Of Your Life Away, WATCH THIS! | Gary Vee & Jay Shetty",2022-06-13,181343,5867,PT36M38S,232,2198.0,Jun
42,The KEY HABITS All Successful People Have To ACHIEVE ANYTHING! | Patrick Bet David & Jay Shetty,2022-06-10,24866,781,PT1H7M9S,47,4029.0,Jun
43,Neha Kumar ON: Building Resilience to Negativity & How to Make Your Passions Practical,2022-06-06,23115,762,PT1H2M49S,46,3769.0,Jun
44,"If You Want To Find & Build The Perfect Relationship, WATCH THIS! | Jay & Radhi Shetty",2022-06-03,77793,2562,PT1H5M17S,76,3917.0,Jun
45,The SECRET To Success NOBODY SHARES! (This Will Change Everything) | Simu Liu & Jay Shetty,2022-05-30,66540,2509,PT59M55S,233,3595.0,May
46,2 Most Common Therapy Myths Debunked by a Real Therapist & How to Start Healing Your Inner Child,2022-05-27,38122,1284,PT51M35S,78,3095.0,May
47,Taylor Tomlinson ON: The Quarter-Life Crisis & How to Let Go of Toxic Relationships,2022-05-23,66172,1898,PT1H24M44S,64,5084.0,May
48,How To Manifest A NEW REALITY For Yourself In 2022 (Achieve Anything You Want!) | Vanessa Hudgens,2022-05-16,206562,5907,PT1H4M24S,267,3864.0,May
49,Use These DAILY HACKS To Reverse Aging & Live Over 120+ YEARS OLD! | Dave Asprey,2022-05-13,12802,423,PT1H10M30S,25,4230.0,May
50,STOP WAISTING Your Time & Look For These RED FLAGS In A Relationship! | Lily Collins & Jay Shetty,2022-05-06,39608,1207,PT51M12S,40,3072.0,May
51,INSTANTLY BOOST Energy & Focus To Become A PRODUCTIVITY MASTER  | Andrew Huberman & Jay Shetty,2022-05-02,78926,2786,PT1H33M32S,109,5612.0,May
52,Secret Service Agent REVEALS How To Read Anyone & SPOT A LIAR | Evy Poumpouras & Jay Shetty,2022-04-29,20331,805,PT50M42S,29,3042.0,Apr
53,How To Manifest ABUNDANCE & HAPPINESS Into Your Life! | Miranda Kerr & Jay Shetty,2022-04-25,50036,1608,PT52M5S,88,3125.0,Apr
54,WATCH THIS EVERYDAY If You're Single & Want To FIND LOVE | Jay Shetty,2022-04-22,137939,3433,PT1H59M58S,86,7198.0,Apr
55,How To BRAINWASH Yourself For Success & Destroy NEGATIVE THOUGHTS! | Tony Robbins,2022-04-18,532399,15241,PT1H33M42S,392,5622.0,Apr
56,How To MANIFEST Anything You Want In 2022! (Law Of Attraction) | Bob Proctor,2022-04-16,276784,5693,PT1H28M15S,180,5295.0,Apr
57,How To BREAK BAD HABITS & Get 1% Better EVERYDAY | Charles Duhigg,2022-04-11,34673,1229,PT1H14M12S,44,4452.0,Apr
58,How To Break The Addiction To NEGATIVE THOUGHTS & EMOTIONS | Oprah Winfrey,2022-04-09,112789,2956,PT1H49M42S,103,6582.0,Apr
59,How To Destroy Your NEGATIVE THOUGHTS & Achieve Anything You Want | Lilly Singh,2022-04-04,150726,5353,PT1H12M42S,173,4362.0,Apr
60,DO THIS Everyday To Stop Procrastination & NEVER BE LAZY Again | Jay Shetty,2022-04-01,79039,2852,PT1H30M41S,85,5441.0,Apr
61,"How To Manifest ABUNDANCE, SUCCESS, & HAPPINESS Into Your Life | Big Sean & Jay Shetty",2022-03-28,418049,15554,PT1H27M56S,758,5276.0,Mar
62,This KEEPS 90% Of People Single! (BIGGEST DATING MISTAKES) | Matthew Hussey & Jay Shetty,2022-03-24,104284,2563,PT1H34M19S,84,5659.0,Mar
63,"If You Want To Improve Your SELF-ESTEEM & Master Confidence, WATCH THIS! | Olivia Culpo",2022-03-21,53547,1799,PT43M20S,107,2600.0,Mar
64,"If You Feel LOST, LAZY & UNMOTIVATED In Life, WATCH THIS! | Jay Shetty",2022-03-17,281762,7664,PT2H16M54S,235,8214.0,Mar
65,This Is Why You're NOT HAPPY IN Life! (Rediscover Your Passion TODAY!) | Imran Amed & Jay Shetty,2022-03-14,24109,815,PT38M4S,123,2284.0,Mar
66,How To Attract & Manifest ANYTHING YOU WANT In Life! | Will Smith & Jay Shetty,2022-03-11,182761,4377,PT1H53M4S,241,6784.0,Mar
67,Dr Julie Smith ON: Unblocking Negative Emotions & How to Embrace Difficult Feelings,2022-03-07,48943,1552,PT53M3S,91,3183.0,Mar
68,"Lauren London ON: Trauma, Spirituality & How to Recover From Loss",2022-02-28,736018,28456,PT49M30S,1630,2970.0,Feb
69,"Adam Goldston ON: Productivity, Time Management & How To Make Better Decisions",2022-02-21,26396,799,PT1H14M40S,40,4480.0,Feb
70,"Payal Kadakia ON: Imposter Syndrome, Ambition, & How to Succeed While Staying True to Your Passion",2022-02-14,27668,1010,PT51M58S,38,3118.0,Feb
71,Reid Hoffman ON: The Entrepreneur‚Äôs Mindset & Why What Got You Here Won‚Äôt Get You There,2022-02-07,19952,562,PT57M23S,74,3443.0,Feb
72,Corinne Foxx ON: Coping With Anxiety & Being Kind Even When Life Isn‚Äôt,2022-01-31,35380,1241,PT58M26S,73,3506.0,Jan
73,Ryan Holiday ON: Eliminating Fear From Your Life & Push Past Them This Year,2022-01-24,28772,1084,PT1H2M38S,67,3758.0,Jan
74,Dwyane Wade ON: Letting Go of Validation to Become Your Best Self,2022-01-17,67416,2208,PT47M2S,105,2822.0,Jan
75,Ed Winters ON: Every Argument Against Veganism & How to Stop Letting Culture Control Your Diet,2022-01-10,124078,5771,PT1H4M48S,1139,3888.0,Jan
76,We all need to do this üôå #shorts,2021-12-31,32037,1891,PT39S,25,39.0,Dec
77,We can‚Äôt always be understood üôè #shorts,2021-12-30,25323,2087,PT25S,21,25.0,Dec
78,Stop doing this üõë #shorts,2021-12-29,27401,1613,PT13S,14,13.0,Dec
79,The #1 skill needed for a long-lasting relationship ‚ù§Ô∏è #shorts,2021-12-28,31980,2162,PT21S,15,21.0,Dec
80,Scott O‚ÄôNeil ON: Quality Time Over Quantity Time & Why Presence is the Key to Deeper Relationships,2021-12-27,40955,1562,PT1H24M22S,94,5062.0,Dec
81,"Next time you‚Äôre stressed, try this ‚ù§Ô∏è #shorts",2021-12-25,34856,2496,PT19S,18,19.0,Dec
82,Check in on each other ‚ù§Ô∏è #shorts,2021-12-24,20967,1307,PT14S,8,14.0,Dec
83,"Before you compare, watch this #shorts",2021-12-23,33636,2190,PT22S,16,22.0,Dec
84,Couldn‚Äôt agree more üôè #shorts,2021-12-22,16217,974,PT13S,11,13.0,Dec
85,This changes everything ‚ù§Ô∏è #shorts,2021-12-21,20123,1251,PT14S,12,14.0,Dec
86,Everyone needs to experience this üôè #shorts,2021-12-17,19689,1414,PT21S,9,21.0,Dec
87,Love this perspective üôè #shorts,2021-12-16,15798,1324,PT30S,9,30.0,Dec
88,Life shifts ‚ù§Ô∏è #shorts,2021-12-15,13148,887,PT20S,6,20.0,Dec
89,"When you seek revenge, you destroy yourself üíØ",2021-12-14,13671,1038,PT25S,28,25.0,Dec
90,Maitreyi Ramakrishnan ON: Imposter Syndrome & Navigating Self-Doubt In Any Stage of Your Journey,2021-12-13,81723,2806,PT57M30S,111,3450.0,Dec
91,"Thank you for the reminder, Radhi üòÇ",2021-12-12,16978,732,PT8S,19,8.0,Dec
92,Don‚Äôt worry ‚ù§Ô∏èüôè #shorts,2021-12-11,19017,1955,PT22S,18,22.0,Dec
93,Love this ‚ù§Ô∏è #shorts,2021-12-09,10216,645,PT32S,12,32.0,Dec
94,This is so true ‚ù§Ô∏è #shorts,2021-12-08,10003,664,PT52S,8,52.0,Dec
95,Liz Plosser ON: How to Create a Morning Routine That Works For You,2021-12-06,47217,1405,PT59M41S,116,3581.0,Dec
96,Justin Baldoni interviews Jay Shetty ON: Self-Compassion & Finding Your Purpose Through Service,2021-11-29,37408,1578,PT48M41S,89,2921.0,Nov
97,"Demi Lovato ON: Depression, Healing, & Finding Your Own Identity",2021-11-22,49474,1920,PT55M12S,200,3312.0,Nov
98,This is so true ‚ù§Ô∏è #shorts,2021-11-16,14688,1311,PT33S,11,33.0,Nov
99,Michael Dell ON: Dreaming Bigger Than Your Goals & How to Play Nice But Win,2021-11-15,13030,380,PT38M56S,35,2336.0,Nov
100,Turn your jealousy into this ‚ù§Ô∏è #shorts,2021-11-09,46016,4279,PT50S,34,50.0,Nov
101,"Robert Greene ON: The Laws of Mastery, Power and Human Nature & Harnessing Your Dark Side For Good",2021-11-08,304844,10810,PT1H28M48S,393,5328.0,Nov
102,What role are you playing today? ü§î #shorts,2021-11-05,12687,923,PT42S,14,42.0,Nov
103,Everything is neutral üôè #shorts,2021-11-04,40574,3015,PT43S,23,43.0,Nov
104,There‚Äôs a difference ‚ù§Ô∏è #shorts,2021-11-03,8967,587,PT25S,9,25.0,Nov
105,It comes from within üôè #shorts,2021-11-02,11978,880,PT38S,16,38.0,Nov
106,Maya Shankar ON: How to Embrace Change Gracefully & Find Purpose in Difficult Times,2021-11-01,78119,1918,PT1H24M35S,73,5075.0,Nov
107,Consistency is everything üíØ #shorts,2021-10-29,30803,2399,PT54S,17,54.0,Oct
108,"If you‚Äôre dissatisfied, watch this #shorts",2021-10-28,10837,716,PT24S,10,24.0,Oct
109,Logic ON: Stop Letting Your Past Define Your Future & How to Prioritize Your Mental Health,2021-10-25,96359,9209,PT1H3M34S,243,3814.0,Oct
110,Jane Goodall ON: Winning the War on Nature & How Simple Actions Make Big Changes,2021-10-18,25876,1064,PT56M44S,63,3404.0,Oct
111,Don‚Äôt do this to yourself ‚ù§Ô∏è #shorts,2021-10-15,13552,706,PT14S,14,14.0,Oct
112,Empower yourself ‚ù§Ô∏è #shorts,2021-10-14,9001,604,PT48S,7,48.0,Oct
113,Celebrate the little things ‚ù§Ô∏è #shorts,2021-10-13,20178,2520,PT10S,14,10.0,Oct
114,So true üôå #shorts,2021-10-12,10610,638,PT16S,9,16.0,Oct
115,It would've been if it should've been ‚ù§Ô∏è #shorts,2021-10-11,9873,546,PT12S,9,12.0,Oct
116,Ben Greenfield ON: How to Train Your Brain & Body for Optimal Sleep and Performance,2021-10-11,31715,904,PT1H14M20S,61,4460.0,Oct
117,It's about WHAT we're celebrating üôå #shorts,2021-10-09,20994,2528,PT28S,17,28.0,Oct
118,We're lost in a perception of a perception of ourselves ü§Ø #shorts,2021-10-08,14851,944,PT15S,21,15.0,Oct
119,Speak it into existence üôè #shorts,2021-10-07,22010,1606,PT14S,17,14.0,Oct
120,Mel Robbins ON: Why You Can‚Äôt Stop Procrastinating & How to Eliminate Self-Doubt in 5 Seconds,2021-10-04,325428,11092,PT1H22M2S,433,4922.0,Oct
121,Jay and His Wife Radhi ON: Respecting Boundaries & Growing as a Couple,2021-09-27,79641,2804,PT48M35S,137,2915.0,Sep
122,Robin Sharma ON How To Release Your Toxic Beliefs and Getting Back To Your Higher Nature,2021-09-24,107870,4012,PT58M42S,180,3522.0,Sep
123,Thank you for this Russ üôå,2021-09-23,26195,1644,PT8S,17,8.0,Sep
124,Dr. Nicole LePera ON: Why You Feel Stuck in Your Past & Finding Self-Awareness to Heal From Trauma,2021-09-20,96018,3137,PT57M58S,108,3478.0,Sep
125,Hasan Minhaj  ON How To Strategically Express Yourself & Take Criticism Positively,2021-09-17,46265,1535,PT42M2S,62,2522.0,Sep
126,Gabrielle Union ON: Vulnerability & Turning Your Weakness Into Your Superpower,2021-09-13,78476,2637,PT57M33S,137,3453.0,Sep
127,Deepica Mutyala: ON Entrepreneurship and How To Quit Your Job To Pursue Your Dreams,2021-09-10,35933,1286,PT1H9M49S,68,4189.0,Sep
128,Rachel Hollis ON: The Courage to Make Mistakes & How to Stay Motivated in Difficult Times,2021-09-06,48123,1410,PT1H43M19S,122,6199.0,Sep
129,This Is Why You're Stuck & Not Getting The Results You Want | Shark Tank Investor Daymond John,2021-09-03,24102,780,PT1H3M52S,42,3832.0,Sep
130,Jessica Alba ON: Overcoming Imposter Syndrome & Perfectionism to Live Your Best Life,2021-08-30,73997,2288,PT48M27S,160,2907.0,Aug
131,Dr. Steven Gundry ON: ‚ÄúHealthy‚Äù Foods You Shouldn‚Äôt Be Eating & the Warning Signs of a Leaky Gut,2021-08-23,43718,1414,PT55M33S,102,3333.0,Aug
132,"How to Design Your Life to Live Longer, Healthier & Happier",2021-08-20,13209,434,PT1H5M32S,30,3932.0,Aug
133,Alexis Ren ON: Breaking Negative Cycles and Letting Go of the Lies We Tell Ourselves,2021-08-16,242296,7407,PT1H37M6S,320,5826.0,Aug
134,Katee Sackhoff: ON How To Speak To Yourself,2021-08-13,17650,607,PT57M39S,41,3459.0,Aug
135,Matthew Hussey ON: How to Get Over Your Ex & Find True Love in Your Relationships,2021-08-09,1060271,22343,PT1H28M2S,3084,5282.0,Aug
136,The #1 Thing That DESTROYS SUCCESS & Why Mindset Is EVERYTHING | Rich Roll & Jay Shetty,2021-08-06,51957,1587,PT1H10M54S,71,4254.0,Aug
137,"Darren Prince ON: Imposter Syndrome, Substance Abuse & the Road to Recovery",2021-08-02,14831,608,PT1H2M45S,35,3765.0,Aug
138,Huda and Mona Kattan: ON How Being Transparent & Vulnerable Built An Empire,2021-07-30,28076,913,PT1H26M5S,49,5165.0,Jul
139,Gisele B√ºndchen ON: How to Overcome Depression and Anxiety Through Meditation,2021-07-26,76220,2549,PT44M45S,130,2685.0,Jul
140,Bad Boys For Life Directors Show You How To Believe In Yourself,2021-07-23,7491,299,PT1H5M58S,22,3958.0,Jul
141,RUN THESE Daily Habits To Manifest SUCCESS & RICHES Into Your Life! | Bob Proctor & Jay Shetty,2021-07-19,237571,8010,PT52M57S,493,3177.0,Jul
142,Jada Pinkett Smith   On How To Heal Your Past And Love Yourself Again,2021-07-16,253040,7542,PT1H26M32S,459,5192.0,Jul
143,Esther Perel ON: Finding Love & the Real Reason Couples Break Up,2021-07-12,333789,8503,PT1H10M33S,275,4233.0,Jul
144,"If You FEEL LOST In Life, Watch This To FIND YOURSELF! | Deepak Chopra & Jay Shetty",2021-07-09,602874,12433,PT1H3M41S,369,3821.0,Jul
145,"LA Lakers President, Jeanie Buss ON: Empowering Women in Leadership On & Off the Court",2021-07-05,6830,204,PT54M35S,19,3275.0,Jul
146,Big Bang Theory Actor ON How To Stop Obsessing About The Future And Programming Your Mind For Peace,2021-07-02,155729,7273,PT56M8S,311,3368.0,Jul
147,Guy Raz ON: Safely Quitting Your Job & Building the Business of Your Dreams,2021-06-28,19729,571,PT1H8M50S,36,4130.0,Jun
148,Scooter Braun ON: Self-Forgiveness & Learning to Love Yourself Unconditionally,2021-06-21,97754,3108,PT1H6M4S,207,3964.0,Jun
149,Marc Randolph: ON Co-Founding Netflix & Staying Happily Married for Over 30 Years,2021-06-18,8690,363,PT1H3M4S,40,3784.0,Jun
150,"Fearne Cotton ON: Setting Healthy Boundaries with Love, Family, and in the Workplace",2021-06-14,21291,666,PT1H,52,3600.0,Jun
151,Eva Longoria: ON How To Do More With Your Time & Change Futures Along The Way,2021-06-11,61558,2039,PT1H5M41S,146,3941.0,Jun
152,TRY THIS For 7 Days To Completely CHANGE YOUR LIFE In 2022! | Dr. Joe Dispenza & Jay Shetty,2021-06-07,1173766,32656,PT1H21M22S,1001,4882.0,Jun
153,Dr. Rangan Chatterjee: ON How To Reduce The Chemicals That Ruin Your Brain & Body,2021-06-04,30185,1122,PT1H40S,38,3640.0,Jun
154,Jocko Willink ON: Leading Like a Navy Seal & Taking Extreme Ownership of Every Problem in Your Life,2021-05-31,18665,748,PT58M1S,75,3481.0,May
155,Brian Grazer: ON How to Become A Confident Communicator & Connect With Anyone Genuinely,2021-05-28,21012,739,PT53M35S,45,3215.0,May
156,"Oprah Winfrey & Dr. Perry ON: Healing From Childhood Trauma & Becoming Self Aware, Confident Adults",2021-05-24,936688,25106,PT1H14M8S,1290,4448.0,May
157,Liza Koshy: ON Becoming The Person You Should Have Been,2021-05-21,56546,1659,PT1H24M51S,76,5091.0,May
158,Dr. Shefali ON: Breaking Free of Expectations & Living Life on Your Own Terms,2021-05-17,134464,4588,PT53M17S,326,3197.0,May
159,Justin Baldoni: ON The Power of Reflection for Lifelong Relationships,2021-05-14,22821,1008,PT1H23M19S,57,4999.0,May
160,Jamie Kern Lima ON: Body Shaming in the Beauty Industry and Developing Unstoppable Self-Confidence,2021-05-10,8005,318,PT1H8M32S,27,4112.0,May
161,Kenneth Cole: ON How To Creatively Break Into The Career Of Your Choice,2021-05-07,19492,602,PT55M57S,26,3357.0,May
162,Russ ON: Delusional Self-Confidence & How To Start Manifesting Your Dream Life,2021-05-03,453008,25331,PT57M49S,1194,3469.0,May
163,"Martha Beck ON: How To Let Go of Fear, Stop Listening to Others, and Learn To Trust Yourself",2021-04-26,108981,3804,PT59M48S,206,3588.0,Apr
164,Will Smith's LIFE ADVICE On Manifesting Success Will CHANGE YOUR LIFE In 2022 | Jay Shetty,2021-04-19,2820027,61208,PT1H43M47S,2977,6227.0,Apr
165,YALE PROFESSOR Explains Why You're NOT HAPPY In Life! | Laurie Santos & Jay Shetty,2021-04-14,38328,1240,PT51M31S,71,3091.0,Apr
166,"""The SECRET To Success All Starts With This ONE TRAIT!"" | Walter Isaacson & Jay Shetty",2021-04-12,8460,234,PT50M55S,44,3055.0,Apr
167,How To DISCONNECT From Social Media & FIND YOURSELF AGAIN! | Lala Anthony & Jay Shetty,2021-04-09,64319,2607,PT31M44S,96,1904.0,Apr
168,"""OPTIMIZE Your Habits & Lifestyle To IMPROVE HEALTH TODAY!"" | Dr. Oz & Jay Shetty",2021-04-07,8367,378,PT36M54S,20,2214.0,Apr
169,EVERYTHING You've Been Taught About Manifesting IS WRONG! | Rhonda Byrne & Jay Shetty,2021-04-05,248916,6939,PT57M18S,309,3438.0,Apr
170,BILLIONAIRE REVEALS His 5 Simple Steps To SELF-MADE SUCCESS | Ray Dalio & Jay Shetty,2021-04-02,33260,1133,PT48M51S,67,2931.0,Apr
171,SUPERMODEL Shares How To Turn Insecurity Into MASSIVE CONFIDENCE| Ashley Graham & Jay Shetty,2021-03-31,381105,10287,PT1H6M33S,299,3993.0,Mar
172,"""USE THESE HABITS To Get Out Of An UNMOTIVATED RUT Today!"" | Arianna Huffington & Jay Shetty",2021-03-29,11141,339,PT51M58S,13,3118.0,Mar
173,"""Overcome MENTAL HEALTH, ANXIETY & Life's Challenges TODAY!"" | Charlamagne tha God & Jay Shetty",2021-03-26,53819,2235,PT57M9S,93,3429.0,Mar
174,"""DO THIS To Find Your TRUE PURPOSE & Achieve ANY GOAL In Life"" | Jennifer Lopez & Jay Shetty",2021-03-22,82744,3474,PT20M17S,144,1217.0,Mar
175,"""The SECRET To Becoming A PRODUCTIVITY MASTER!"" | Arianna Huffington & Jay Shetty",2021-03-17,15154,587,PT41M57S,29,2517.0,Mar
176,"""This Is Why You're NOT HAPPY In Life!"" (Happiness Formula Explained) | Danica Patrick & Jay Shetty",2021-03-15,17664,529,PT1H1M3S,30,3663.0,Mar
177,"""If You Want To ACHIEVE ANYTHING In Life WATCH THIS!"" | Payal Kadakia Pujji & Jay Shetty",2021-03-12,20763,569,PT1H14M17S,18,4457.0,Mar
178,"""DO THIS To Quickly Get Out Of A RUT TODAY!"" | David Goggins & Jay Shetty",2021-03-10,156731,5324,PT24M49S,123,1489.0,Mar
179,"""DO THIS BUILD Confidence & Destroy NEGATIVE THOUGHTS!"" | Susan David & Jay Shetty",2021-03-08,16842,585,PT1H15M37S,22,4537.0,Mar
180,"""Use This ONE MINDSET To Overcome REJECTION TODAY!"" | Francia Raisa & Jay Shetty",2021-03-05,21323,702,PT1H16M26S,22,4586.0,Mar
181,"""DESTROY Your Negative Thoughts To ACHIEVE YOUR DREAMS Today!""  | Big Sean & Jay Shetty",2021-03-01,710016,39446,PT1H17M11S,2326,4631.0,Mar
182,"""If You Want To SUCCEED In Life, DEVELOP THESE SKILLS!"" Yuval Noah Harari & Jay Shetty",2021-02-26,808716,17935,PT1H2M7S,851,3727.0,Feb
183,"""ONLY The 1% MASTER THIS ONE Skill For SUCCESS!"" | Adam Grant & Jay Shetty",2021-02-22,12268,363,PT1H12M28S,14,4348.0,Feb
184,"""DO THIS To Destroy NEGATIVE THOUGHTS & FEELINGS Today!"" | Daniel Amen & Jay Shetty",2021-02-19,65194,2077,PT1H24M10S,75,5050.0,Feb
185,"""DO THIS To Destroy STRESS & ANXIETY Today!"" | Zachary Levi & Jay Shetty",2021-02-17,22145,810,PT1H8M55S,54,4135.0,Feb
186,How To Build A STRONGER Relationship During DIFFICULT TIMES! | Radhi Devlukia Shetty & Jay Shetty,2021-02-15,238070,8702,PT59M39S,320,3579.0,Feb
187,Khloe Kardashian Shares Her BIGGEST SECRET To Success & HAPPINESS! | Jay Shetty,2021-02-12,61383,1955,PT55M59S,182,3359.0,Feb
188,"""DO THIS To Build Self-Esteem & Be Confident In ANY SITUATION"" | Humble The Poet & Jay Shetty",2021-02-10,35448,1264,PT1H15M,59,4500.0,Feb
189,"""This ONE SECRET Will Make You SUCCESSFUL In Life!"" | Priyanka Chopra Jonas & Jay Shetty",2021-02-08,1425345,35006,PT54M52S,846,3292.0,Feb
190,"""This POWERFUL Herb Will HEAL YOU & Let You LIVE LONGER!"" | Anthony William & Jay Shetty",2021-02-05,6859,262,PT57M,30,3420.0,Feb
191,DO THIS To Be Confident In ANY SITUATION Today! | Daniella Monet & Jay Shetty,2021-02-03,35016,1216,PT54M29S,48,3269.0,Feb
192,The SECRET To Becoming A PRODUCTIVITY MASTER | Daniel Pink & Jay Shetty,2021-02-01,7180,229,PT56M28S,18,3388.0,Feb
193,Use This MINDSET To Achieve Success In the NEW WORLD | Peter Diamandis & Jay Shetty,2021-01-25,7265,225,PT58M40S,26,3520.0,Jan
194,BILLIONAIRE Ray Dalio Reveals His SECRET SUCCESS Principles That Made Him WEALTHY | Jay Shetty,2021-01-18,10157,322,PT1H6M54S,60,4014.0,Jan
195,MASTER THESE Habits If You Want To Become SUCCESSFUL! | Gretchen Rubin & Jay Shetty,2021-01-11,6277,193,PT1H7M41S,18,4061.0,Jan
196,DOCTOR REVEALS The Essential Foods You Need To Eat To LIVE LONGER! | Mark Hyman & Jay Shetty,2021-01-04,15852,761,PT51M15S,48,3075.0,Jan
197,WIN THE WAR In Your Mind & Find PEACE TODAY | David Goggins & Jay Shetty,2020-12-31,28294,1147,PT21M1S,29,1261.0,Dec
198,Billionaire Shares The SUCCESS HABITS That Will Make You WEALTHY | Arthur Blank & Jay Shetty,2020-12-28,20304,548,PT1H9M1S,23,4141.0,Dec
199,How To Unleash Your CREATIVITY Into The World & Raise Your SELF-ESTEEM | Jhen√© Aiko & Jay Shetty,2020-12-21,705828,32738,PT55M1S,982,3301.0,Dec
200,"How To Build Your BRAND, THINK BIGGER & Find CLARITY In Life | Rob Dyrdek & Jay Shetty",2020-12-16,8926,310,PT1H22M41S,22,4961.0,Dec
201,The SECRET To Building STRONGER & HEALTHIER Relationships For SUCCESS | Kelly Rowland & Jay Shetty,2020-12-14,11830,493,PT1H53S,28,3653.0,Dec
202,"The Law Of Vibration EXPLAINED (Raise Your Frequency)| Willow Smith, Jahnavi  & Jay Shetty",2020-12-07,632103,21782,PT1H5M38S,1017,3938.0,Dec
203,The SECRET To Finding Purpose In Life STARTS HERE... | Katherine McNamara & Jay Shetty,2020-11-30,20472,786,PT24M22S,20,1462.0,Nov
204,"The SECRET TO MASTERING Your Breath, Body & Mind To NEVER GET SICK | Wim Hof & Jay Shetty",2020-11-16,33429,1215,PT55M14S,68,3314.0,Nov
205,The SECRET To Achieving Your Most AMBITIOUS GOALS In Life | Ozan Varol & Jay Shetty,2020-11-09,8541,343,PT59M46S,18,3586.0,Nov
206,FAMOUS Musician Explains How SUCCESS & FAME Almost RUINED HIS LIFE | Mike Posner & Jay Shetty,2020-11-04,6066,221,PT1H27M40S,20,5260.0,Nov
207,"In Order To CHANGE YOUR LIFE, You NEED To Understand THIS FIRST | Chelsea handler & Jay Shetty",2020-10-28,6692,204,PT41M25S,19,2485.0,Oct
208,How SUCCESSFUL PEOPLE Think & FOCUS To Achieve HIGH PERFORMANCE | Brendon Burchard & Jay Shetty,2020-10-21,33613,1045,PT1H24M11S,53,5051.0,Oct
209,WATCH THIS EVERY DAY To Brainwash Yourself For SUCCESS & ABUNDANCE! | Joe Dispenza & Jay Shetty,2020-09-28,616200,17937,PT20M25S,271,1225.0,Sep
210,LOVE THERAPIST SHARES Why You're Single & CAN'T FIND LOVE | Lori Gottlieb & Jay Shetty,2020-09-19,59797,1600,PT1H5M43S,67,3943.0,Sep
211,The SECRET To ACHIEVING ANY SUCCESS Is Mastering This ONE THING | Tom Bilyeu & Jay Shetty,2020-09-19,86240,1896,PT1H34M39S,64,5679.0,Sep
212,The KEY TO SUCCESS Comes From DOING THIS Before You're READY! | Marie Forleo & Jay Shetty,2020-09-19,59827,1886,PT1H29S,55,3629.0,Sep
213,DO THIS To Cure Your LAZINESS TODAY (Eye Opening Speech)| David Goggins & Jay Shetty,2020-09-19,382089,11750,PT1H7M38S,489,4058.0,Sep
214,Gary Vee Shares The SECRET To Living A Life Of NO REGRETS & BUILDING SUCCESS | Jay Shetty,2020-09-19,19366,810,PT1H8M18S,39,4098.0,Sep
215,Kobe Bryant's LAST GREAT INTERVIEW On How To FIND PURPOSE In LIFE | Kobe Bryant & Jay Shetty,2020-09-19,1994577,57844,PT43M5S,1243,2585.0,Sep
216,CELEBRITY ATHLETE Reveals The MINDSET You Need To WIN IN LIFE | Novak Djokovic & Jay Shetty,2020-09-19,201567,5861,PT1H2M46S,355,3766.0,Sep
217,Russel Brand Shares The SECRET For Finding HAPPINESS & PURPOSE IN LIFE | Jay Shetty,2020-09-19,36469,1105,PT41M52S,34,2512.0,Sep
